{	
    "Avalonia" : "Avalonia",
	"Avalonia.Analyzers" : "Avalonia",
	"Avalonia.Base" : "Avalonia",
	"Avalonia.Build.Tasks" : "Avalonia",
	"Avalonia.Controls" : "Avalonia",
	"Avalonia.Designer.HostApp" : "Avalonia",
	"Avalonia.DesignerSupport" : "Avalonia",
	"Avalonia.Dialogs" : "Avalonia",
	"Avalonia.Generators" : "Avalonia",
	"Avalonia.Markup" : "Avalonia",
	"Avalonia.Markup.Xaml" : "Avalonia",
	"Avalonia.Markup.Xaml.Loader" : "Avalonia",
	"Avalonia.Metal" : "Avalonia",
	"Avalonia.MicroCom" : "Avalonia",
	"Avalonia.OpenGL" : "Avalonia",
	"Avalonia.Vulkan" : "Avalonia",
	"Avalonia.Android" : "Avalonia.Android",
	"av_libglesv2" : "Avalonia.Angle.Windows.Natives",
	"Avalonia.Browser" : "Avalonia.Browser",
	"Avalonia.BuildServices" : "Avalonia.BuildServices",
	"Avalonia.BuildServices.Collector" : "Avalonia.BuildServices",
	"Avalonia.Controls.ColorPicker" : "Avalonia.Controls.ColorPicker",
	"Avalonia.Controls.DataGrid" : "Avalonia.Controls.DataGrid",
	"Avalonia.Desktop" : "Avalonia.Desktop",
	"Avalonia.Diagnostics" : "Avalonia.Diagnostics",
	"Avalonia.Fonts.Inter" : "Avalonia.Fonts.Inter",
	"Avalonia.FreeDesktop" : "Avalonia.FreeDesktop",
	"Avalonia.iOS" : "Avalonia.iOS",
	"Avalonia.Native" : "Avalonia.Native",
	"Avalonia.ReactiveUI" : "Avalonia.ReactiveUI",
	"Avalonia.Remote.Protocol" : "Avalonia.Remote.Protocol ",
	"Avalonia.Skia" : "Avalonia.Skia",
	"Avalonia.Themes.Fluent" : "Avalonia.Themes.Fluent",
	"Avalonia.Themes.Simple" : "Avalonia.Themes.Simple",
	"Avalonia.Win32" : "Avalonia.Win32",
	"Avalonia.Win32.Automation" : "Avalonia.Win33",
	"Avalonia.X11" : "Avalonia.X11"
}