﻿<?xml version="1.0" encoding="utf-8"?>
<content xml:space="preserve">
	<!-- Open XML overrides for the default shared content items -->

	<!-- Language keywords -->
	<item id="devlang_nullKeyword">una referencia null (`Nothing` en Visual Basic)</item>
	<item id="devlang_staticKeyword">`static` (`Shared` en Visual Basic)</item>
	<item id="devlang_virtualKeyword">`virtual` (`Overridable` en Visual Basic)</item>
	<item id="devlang_trueKeyword">`true` (`True` en Visual Basic)</item>
	<item id="devlang_falseKeyword">`false` (`False` en Visual Basic)</item>
	<item id="devlang_abstractKeyword">`abstract` (`MustInherit` en Visual Basic)</item>
  <item id="devlang_sealedKeyword">`sealed` (`NotInheritable` en Visual Basic)</item>
	<item id="devlang_asyncKeyword">`async` (`Async` en Visual Basic)</item>
	<item id="devlang_awaitKeyword">`await` (`Await` en Visual Basic)</item>
	<item id="devlang_asyncAwaitKeyword">`async`/`await` (`Async`/`Await` en Visual Basic)</item>

	<!-- Show Missing Component messages -->
  <item id="SMCMissingTag">\[Falta documentaci&#243;n &lt;{0}&gt; para "{1}"\]</item>
  <item id="SMCMissingParamTag">\[Falta documentaci&#243;n &lt;{0} name="{1}"/&gt; para "{2}"\]</item>
  <item id="SMCMissingIncludeTarget">\[Falta documentaci&#243;n objetivo &lt;include&gt; en '{0}'.  Archivo: '{1}' Ruta: '{2}'\]</item>
</content>
