﻿<?xml version="1.0" encoding="utf-8"?>
<!-- Translations provided by Sergey Zhurikhin -->
<content xml:space="preserve">
	<!-- Open XML overrides for the default shared content items -->

  <!-- Language keywords -->
  <item id="devlang_nullKeyword">`null` (`Nothing` в Visual Basic)</item>
  <item id="devlang_staticKeyword">`static` (`Shared` в Visual Basic)</item>
  <item id="devlang_virtualKeyword">`virtual` (`Overridable` в Visual Basic)</item>
  <item id="devlang_trueKeyword">`true` (`True` в Visual Basic)</item>
  <item id="devlang_falseKeyword">`false` (`False` в Visual Basic)</item>
  <item id="devlang_abstractKeyword">`abstract` (`MustInherit` в Visual Basic)</item>
  <item id="devlang_sealedKeyword">`sealed` (`NotInheritable` в Visual Basic)</item>
  <item id="devlang_asyncKeyword">`async` (`Async` в Visual Basic)</item>
  <item id="devlang_awaitKeyword">`await` (`Await` в Visual Basic)</item>
  <item id="devlang_asyncAwaitKeyword">`async`/`await` (`Async`/`Await` в Visual Basic)</item>


	<!-- Show Missing Component messages -->
  <item id="SMCMissingTag">\[&lt;{0}&gt; отсутствует в документации для "{1}"\]</item>
  <item id="SMCMissingParamTag">\[&lt;{0} name="{1}"/&gt; отсутствует в документации для "{2}"\]</item>
  <item id="SMCMissingIncludeTarget">\[&lt;include&gt; отсутствует в '{0}'.  Файл: '{1}' Путь: '{2}'\]</item>

</content>
