<content xml:space="preserve">

	<!-- Header and footer text -->
  <item id="tocTitle">{0}</item>
	<item id="documentationTitle">{@HtmlEncHelpTitle}</item>
	<item id="headerText">{@HeaderText}</item>
	<item id="feedback_body">Your feedback is used to improve the documentation and the product. Your e-mail address will not be used for any other purpose and is disposed of after the issue you report is resolved. While working to resolve the issue that you report, you may be contacted via e-mail to get further details or clarification on the feedback you sent. After the issue you report has been addressed, you may receive an e-mail to let you know that your feedback has been addressed.</item>
	<item id="footer_content">{@FooterText}{@Copyright}{@Comments}</item>
	<!-- This should remain empty unless overridden by the website content file -->
	<item id="websiteAdContent"></item>

	<item id="comments"><div class="feedbackLink">Inviare suggerimenti o segnalare errori relativi a questo argomento a
        <a id="HT_MailLink" href="mailto:{@UrlEncFeedbackEMailAddress}?Subject={@UrlEncHelpTitle}">{@HtmlEncFeedbackEMailAddress}</a></div>
        <script type="text/javascript">
        var HT_mailLink = document.getElementById("HT_MailLink");
        HT_mailLink.href += ": " + document.title + "\u0026body=" + encodeURIComponent("<include item='feedback_body' />");
        </script></item>

	<!-- Code/syntax section -->
	<item id="copyCode">Copy</item>
	<item id="sourceCodeLinkText">View Source</item>
	<item id="sourceCodeLinkTitle">View the source code</item>
	<item id="requestExampleLinkText">Request Example</item>
	<item id="requestExampleLinkTitle">Request an example for this topic</item>
	<item id="requestExampleScript">
		$(".requestExampleLink").each(function ()
		{{
			if(this.href.substring(0, 4).toLowerCase() === "http")
				this.href += "?title=";
			else
				this.href += "?subject={@UrlEncHelpTitle}: ";

			this.href += "Add an Example for " + encodeURIComponent(document.title) + "&amp;body=" +
				encodeURIComponent("Please add an example for " + document.title + ".%0D%0DTODO (optional): Describe a specific " +
				"scenario you would like to see addressed.%0D%0DHelp Topic: " + window.location.href).replace(/%250D/g, "%0D");
		}});
	</item>
	
	<!-- VS2013 presentation style items -->
	<item id="requestExample"><a id="HT_RequestExampleLink" href="{0}" target="_blank" rel="noopener noreferrer" class="{1}"
		title="Request an example for this topic">Request Example</a>
		<script type="text/javascript">
		var HT_requestExampleLink = document.getElementById("HT_RequestExampleLink");
				
		if(HT_requestExampleLink.href.substring(0, 4).toLowerCase() == "http")
			HT_requestExampleLink.href += "?title=";
		else
			HT_requestExampleLink.href += "?subject={@UrlEncHelpTitle}: ";

		HT_requestExampleLink.href += "Add an Example for " + encodeURIComponent(document.title) + "&amp;body=" +
			encodeURIComponent("Please add an example for " + document.title + ".%0D%0DTODO (optional): Describe a specific " +
			"scenario you would like to see addressed.%0D%0DHelp Topic: " + window.location.href).replace(/%250D/g, "%0D");
		</script></item>
	<item id="resizeToolTip">Click or drag to resize</item>

	<!-- Section titles -->
	<item id="bibliographyTitle">Bibliography</item>
  <item id="title_appliesTo">Applies To</item>
	<item id="title_attributes">Attributes</item>
  <item id="title_attributesAndElements">Attributes and Elements</item>
  <item id="title_background">Background</item>
	<item id="title_buildInstructions">Compiling the Code</item>
	<item id="title_changeHistory">Storia delle modifiche</item>
	<item id="title_childElement">Child Elements</item>
	<item id="title_conclusion">Conclusion</item>
  <item id="title_definition">Definition</item>
	<item id="title_delegateValue">Valore di ritorno</item>
	<item id="title_demonstrates">Demonstrates</item>
  <item id="title_dotNetFrameworkEquivalent">.NET Framework Equivalent</item>
	<item id="title_elementInformation">Element Information</item>
  <item id="title_errorMessage">Messaggio di errore</item>
	<item id="title_events">Eventi</item>
  <item id="title_example">Esempio</item>
	<item id="title_examples">Esempi</item>
	<item id="title_exceptions">Eccezioni</item>
	<item id="title_extensionUsage">Nota d'uso</item>
	<item id="title_externalResources">External Resources</item>
	<item id="title_family">Gerarchia di ereditarietà</item>
	<item id="title_fieldValue">Valore del campo</item>
	<item id="title_implements">Implementa</item>
	<item id="title_inThisSection">In This Section</item>
  <item id="title_languageReferenceRemarks">Note</item>
	<item id="title_methodValue">Valore di ritorno</item>
	<item id="title_namespaces">Namespace</item>
	<item id="title_nextSteps">Next Steps</item>
	<item id="title_parameters">Parametri</item>
	<item id="title_parentElement">Parent Elements</item>
	<item id="title_permissions">Sicurezza nel Framework .NET</item>
	<item id="title_platforms">Piattaforme</item>
  <item id="title_prerequisites">Prerequisites</item>
	<item id="title_propertyValue">Valore della proprietà</item>
  <item id="title_reference">Documentazione</item>
	<item id="title_relatedSections">Related Sections</item>
	<item id="title_relatedTopics">Vedi anche</item>
	<item id="title_remarks">Note</item>
	<item id="title_requirements">Requirements</item>
	<item id="title_returns">Return Value</item>
	<item id="title_returnValue">Return Value</item>
	<item id="title_revisionHistory">Storia delle revisioni</item>
  <item id="title_robustProgramming">Robust Programming</item>
	<item id="title_security">Security</item>
	<item id="title_seeAlso_concepts">Concepts</item>
	<item id="title_seeAlso_otherResources">Altre risorse</item>
	<item id="title_seeAlso_reference">Documentazione</item>
	<item id="title_seeAlso_tasks">Task</item>
	<item id="title_syntax">Sintassi</item>
	<item id="title_templates">Parametri di tipo</item>
  <item id="title_textValue">Text Value</item>
	<item id="title_threadSafety">Thread Safety</item>
	<item id="title_value">Valore</item>
	<item id="title_versions">Informazioni sulle versioni</item>
	<item id="title_whatsNew">Novità</item>
	
  <!-- Topic titles -->
	<item id="topicTitle_root">{@RootNamespaceTitle}</item>
  <!-- This is used when a title is not specified in the project -->
  <item id="rootTopicTitleLocalized">Spazio dei nomi</item>
	<item id="topicTitle_attachedEvent">{0} Attached Event</item>
 	<item id="topicTitle_attachedEvents">Eventi attached di {0}</item>
	<item id="topicTitle_attachedProperties">Proprietà attached di {0}</item>
	<item id="topicTitle_attachedProperty">{0} Proprietà attached</item>
	<item id="topicTitle_class">Classe {0}</item>
	<item id="topicTitle_constructor">Costruttore {0}{1}</item>
	<item id="topicTitle_constructors">Costruttori di {0}</item>
	<item id="topicTitle_delegate">Delegate {0}</item>
	<item id="topicTitle_enumeration">Enumerazione {0}</item>
	<item id="topicTitle_enumMembers">Membri</item>
	<item id="topicTitle_event">Evento {0}</item>
	<item id="topicTitle_events">Eventi di {0}</item>
	<item id="topicTitle_field">Campo {0}</item>
	<item id="topicTitle_fields">Campi di {0}</item>
	<item id="topicTitle_interface">Interfaccia {0}</item>
	<item id="topicTitle_method">Metodo {0}{1}</item>
	<item id="topicTitle_methods">Metodi di {0}</item>
	<item id="topicTitle_namespace">{0} Namespace</item>
	<item id="topicTitle_namespaceGroup">{0} Namespace</item>
	<item id="topicTitle_properties">Proprietà di {0}</item>
	<item id="topicTitle_property">Proprietà {0}{1}</item>
	<item id="topicTitle_structure">Struttura {0}</item>
  <!-- Title for operator members -->
	<item id="topicTitle_operator">{0}{1} Operatore</item>
  <!-- Title for op_explicit and op_implicit members -->
  <item id="topicTitle_typeConversion">{0} Conversione {1}</item>
  <!-- Title for overload op_explicit and op_implicit topics -->
  <item id="topicTitle_conversionOperator">{0} Operatori di conversione</item>
  <!-- Title for operator list topic that has [operators + no type conversions] -->
  <item id="topicTitle_operators">{0} Operators</item>
  <!-- Title for operator list topic that has [operators + type conversions] -->
  <item id="topicTitle_operatorsAndTypeConversions">{0} Operators and Type Conversions</item>
  <!-- Title for operator list topic that has [no operators + type conversions] -->
  <item id="topicTitle_typeConversions">{0} Type Conversions</item>
	
	<!-- Table of contents simple titles -->
 	<item id="tocTitle_AttachedEvents">Eventi attached</item>
	<item id="tocTitle_AttachedProperties">Proprietà attached</item>
	<item id="tocTitle_Constructor">Costruttore</item>
	<item id="tocTitle_Constructors">Costruttori</item>
	<item id="tocTitle_Events">Eventi</item>
	<item id="tocTitle_Fields">Campi</item>
	<item id="tocTitle_Methods">Metodi</item>
	<item id="tocTitle_Operators">Operators</item>
	<item id="tocTitle_Properties">Proprietà</item>

  <!-- Member list table titles -->
  <item id="tableTitle_attachedEvent">Eventi attached</item>
  <item id="tableTitle_attachedProperty">Proprietà attached</item>
	<item id="tableTitle_class">Classi</item>
  <item id="tableTitle_constructor">Costruttori</item>
	<item id="tableTitle_delegate">Delegate</item>
	<item id="tableTitle_enumeration">Enumerazioni</item>
  <item id="tableTitle_event">Eventi</item>
  <item id="tableTitle_explicitInterfaceImplementation">Implementazioni esplicite di interfacce</item>
  <item id="tableTitle_extension">Metodi di estensione</item>
  <item id="tableTitle_field">Campi</item>
	<item id="tableTitle_interface">Interfacce</item>
  <item id="tableTitle_method">Metodi</item>
  <item id="tableTitle_namespace">Namespace</item>
  <item id="tableTitle_operator">Operatori</item>
	<item id="tableTitle_overload">Lista degli overload</item>
  <item id="tableTitle_property">Proprietà</item>
	<item id="tableTitle_structure">Strutture</item>
	
	<!-- Table column headers -->
  <item id="header_className">Classe</item>
  <item id="header_delegateName">Delegate</item>
  <item id="header_enumerationName">Enumerazione</item>
	<item id="header_eventReason">Motivo</item>
	<item id="header_eventType">Event Type</item>
	<item id="header_exceptionCondition">Condizione</item>
	<item id="header_exceptionName">Eccezione</item>
  <item id="header_interfaceName">Interfaccia</item>
	<item id="header_memberDescription">Descrizione</item>
	<item id="header_memberName">Nome</item>
	<item id="header_memberValue">Valore</item>
	<item id="header_namespaceDescription">Descrizione</item>
	<item id="header_namespaceName">Namespace</item>
	<item id="header_permissionDescription">Description</item>
	<item id="header_permissionName">Permission</item>
	<item id="header_revHistoryDate">Data</item>
	<item id="header_revHistoryDescription">Descrizione</item>
	<item id="header_revHistoryVersion">Versione</item>
  <item id="header_structureName">Struttura</item>
	<item id="header_typeDescription">Descrizione</item>
	<item id="header_typeName">Nome</item>

	<!-- Miscellaneous page text -->
  <item id="defaultNamespace">( Default Namespace )</item>
  <item id="definedBy">(Definito da {0})</item>
  <item id="exposedMembersTableText">Il tipo {0} espone i seguenti membri.</item>	
	<item id="inheritedFrom">(Ereditato da {0})</item>
	<item id="noCodeExample">No code example is currently available or this language may not be supported.</item>
	<item id="overridesMember">(Sovrascrive {0})</item>
	<item id="preliminaryDocs">Documentazione preliminare soggetta a variazioni.</item>
  <item id="preliminaryApi">Questa API è preliminare e soggetta a variazioni.</item>
	<item id="preliminaryShort">Preliminary</item>
	<item id="text_extensionUsage">In Visual Basic e C# puoi chiamare questo metodo come metodo di istanza su qualunque oggetto di tipo {0}. Quando usi la sintassi del metodo di istanza, devi omettere il primo parametro. Per maggiori informazioni, vedi <a href="https://docs.microsoft.com/dotnet/visual-basic/programming-guide/language-features/procedures/extension-methods" target="_blank" rel="noopener noreferrer">Metodi di estensione (Visual Basic)</a> o <a href="https://docs.microsoft.com/dotnet/csharp/programming-guide/classes-and-structs/extension-methods" target="_blank" rel="noopener noreferrer">Metodi di estensione (C# Programming Guide)</a>.</item>
	<item id="text_inheritance">Inheritance</item>
	<item id="text_derived">Derived</item>
	<item id="text_implements">Implements</item>
	<item id="text_moreInheritance">Altro</item>
	<item id="text_lessInheritance">Less</item>
  <item id="text_relatedEntries">See Also:</item>
	<item id="top">Torna su</item>
  <item id="optionalText">(Optional)</item>
	<item id="inThisArticle">In This Article</item>
	<item id="showHideTOC">Show/Hide TOC</item>
	<item id="searchPlaceHolder">Search</item>

	<!-- Requirements section info -->
	<item id="assemblyNameAndModule">{0} (in {1}.{2}) Versione: {3}</item>
  <item id="boilerplate_requirementsAssemblies">Assembly:</item>
  <item id="boilerplate_requirementsAssemblyLabel">Assembly:</item>
  <item id="boilerplate_requirementsNamespace">Namespace:</item>
  <item id="boilerplate_unmappedXamlXmlns">Not mapped to an xmlns.</item>
  <item id="boilerplate_xamlXmlnsRequirements">XMLNS for XAML:</item>

	<!-- Auto-outline text -->
  <item id="boilerplate_autoOutlineTopLevelIntro">Questa pagina contiene le seguenti sezioni:</item>
	<item id="boilerplate_autoOutlineSubsectionIntro">Questa sezione contiene le seguenti sottosezioni:</item>

	<!-- Copyright notice. {0} = Copyright text, {1} = Year(s), {2} = Holder(s) -->
  <item id="boilerplate_copyrightNotice">{0} &#169;{1}{2}. All rights reserved.</item>

	<!-- To format the copyright HREF and/or copyright text into a message of your choosing, you can specify
			 @HtmlEncCopyrightHref and/or @HtmlEncCopyrightText in braces -->
	<item id="copyright">{@HtmlEncCopyrightInfo}</item>

	<!-- Obsolete API text -->
  <item id="boilerplate_obsoleteShort">Obsoleto.</item>
  <item id="boilerplate_obsoleteLong">Nota: questa API è obsoleta.</item>
	
	<!-- See Also section text-->
  <item id="boilerplate_seeAlsoNamespaceLink">Namespace {0}</item>
  <item id="boilerplate_seeAlsoOverloadLink">Overload di {0}</item>
  <item id="boilerplate_seeAlsoTypeLink"><include item="text_{1}Upper"/> {0}</item>
  <item id="text_classUpper">Classe</item>
  <item id="text_structureUpper">Struttura</item>
  <item id="text_interfaceUpper">Interfaccia</item>
  <item id="text_delegateUpper">Delegate</item>
  <item id="text_enumerationUpper">Enumerazione</item>
	
  <!-- Thread safety section text -->
  <item id="boilerplate_threadSafety">Any public <include item="devlang_staticKeyword"/>  members of this type are thread safe. Any instance members are not guaranteed to be thread safe.</item>
  <item id="text_staticThreadSafe">Static members of this type are safe for multi-threaded operations. </item>
  <item id="text_staticNotThreadSafe">Static members of this type are not safe for multi-threaded operations. </item>
  <item id="text_instanceThreadSafe">Instance members of this type are safe for multi-threaded operations. </item>
  <item id="text_instanceNotThreadSafe">Instance members of this type are not safe for multi-threaded operations. </item>

	<!-- Development language and code snippet titles for languages without a syntax generator -->
	<item id="devlang_batch">Batch Script</item>
	<item id="devlang_HTML">HTML</item>
	<item id="devlang_PShell">PowerShell</item>
	<item id="devlang_Python">Python</item>
	<item id="devlang_SQL">SQL</item>
	<item id="devlang_VBScript">Visual Basic Script</item>
	<item id="devlang_VisualBasicAndCSharp">Visual Basic and C#</item>
	<item id="devlang_XML">XML</item>

	<!-- Language keywords -->
	<item id="devlang_nullKeyword">a null reference (<span class="keyword">Nothing</span> in Visual Basic)</item>
	<item id="devlang_staticKeyword"><span class="keyword">static</span> (<span class="keyword">Shared</span> in Visual Basic)</item>
	<item id="devlang_virtualKeyword"><span class="keyword">virtual</span> (<span class="keyword">Overridable</span> in Visual Basic)</item>
	<item id="devlang_trueKeyword"><span class="keyword">true</span> (<span class="keyword">True</span> in Visual Basic)</item>
	<item id="devlang_falseKeyword"><span class="keyword">false</span> (<span class="keyword">False</span> in Visual Basic)</item>
	<item id="devlang_abstractKeyword"><span class="keyword">abstract</span> (<span class="keyword">MustInherit</span> in Visual Basic)</item>
	<item id="devlang_sealedKeyword"><span class="keyword">sealed</span> (<span class="keyword">NotInheritable</span> in Visual Basic)</item>
	<item id="devlang_asyncKeyword"><span class="keyword">async</span> (<span class="keyword">Async</span> in Visual Basic)</item>
	<item id="devlang_awaitKeyword"><span class="keyword">await</span> (<span class="keyword">Await</span> in Visual Basic)</item>
	<item id="devlang_asyncAwaitKeyword"><span class="keyword">async</span>/<span class="keyword">await</span> (<span class="keyword">Async</span>/<span class="keyword">Await</span> in Visual Basic)</item>

	<!-- Development language metadata values for languages without a syntax generator -->
	<item id="metaLang_batch">Batch Script</item>
	<item id="metaLang_HTML">HTML</item>
	<item id="metaLang_PShell">PowerShell</item>
	<item id="metaLang_Python">Python</item>
	<item id="metaLang_SQL">SQL</item>
	<item id="metaLang_VBScript">VBScript</item>
	<item id="metaLang_VisualBasicAndCSharp">VB and C#</item>
	<item id="metaLang_XML">XML</item>

	<!-- Alt text for images -->
  <item id="altText_CodeExample">Esempio di codice</item>
  <item id="altText_ExplicitInterface">Implementazione esplicita di interfacce</item>
	<item id="altText_privAttachedEvent">Evento attached privato</item>
	<item id="altText_privClass">Classe privata</item>
	<item id="altText_privConstructor">Costruttore privato</item>
	<item id="altText_privDelegate">Delegate privato</item>
	<item id="altText_privEnumeration">Enumerazione privata</item>
	<item id="altText_privEvent">Evento privato</item>
	<item id="altText_privExtension">Metodo di estensione privato</item>
	<item id="altText_privField">Campo privato</item>
	<item id="altText_privInterface">Interfaccia privata</item>
	<item id="altText_privMethod">Metodo privato</item>
	<item id="altText_privOperator">Operatore privato</item>
	<item id="altText_privProperty">Proprietà privata</item>
	<item id="altText_privStructure">Struttura privata</item>
	<item id="altText_privAttachedProperty">Proprietà attached privata</item>
	<item id="altText_protAttachedEvent">Evento attached protetto</item>
	<item id="altText_protAttachedProperty">Proprietà attached protetta</item>
	<item id="altText_protClass">Classe protetta</item>
	<item id="altText_protConstructor">Costruttore pubblico</item>
	<item id="altText_protDelegate">Delegate protetto</item>
	<item id="altText_protEnumeration">Enumerazione protetta</item>
	<item id="altText_protEvent">Evento protetto</item>
	<item id="altText_protExtension">Metodo di estensione protetto</item>
	<item id="altText_protField">Campo protetto</item>
	<item id="altText_protInterface">Interfaccia protetta</item>
	<item id="altText_protMethod">Metodo protetto</item>
	<item id="altText_protOperator">Operatore protetto</item>
	<item id="altText_protProperty">Proprietà protetta</item>
	<item id="altText_protStructure">Struttura protetta</item>
	<item id="altText_pubAttachedEvent">Evento attached pubblico</item>
	<item id="altText_pubAttachedProperty">Proprietà attached pubblica</item>
	<item id="altText_pubClass">Classe pubblica</item>
	<item id="altText_pubConstructor">Costruttore pubblico</item>
	<item id="altText_pubDelegate">Delegate pubblico</item>
	<item id="altText_pubEnumeration">Enumerazione pubblica</item>
	<item id="altText_pubEvent">Evento pubblico</item>
	<item id="altText_pubExtension">Metodo di estensione pubblico</item>
	<item id="altText_pubField">Campo pubblico</item>
	<item id="altText_pubInterface">Interfaccia pubblica</item>
	<item id="altText_pubMethod">Metodo pubblico</item>
	<item id="altText_pubOperator">Operatore pubblico</item>
	<item id="altText_pubProperty">Proprietà pubblica</item>
	<item id="altText_pubStructure">Struttura pubblica</item>
	<item id="altText_Static">Membro statico</item>
	
	<!-- Alert titles -->
	<item id="alert_title_tip">Tip</item>
	<item id="alert_title_caution">Caution</item>
	<item id="alert_title_security">Security Note</item>
	<item id="alert_title_note">Note</item>
	<item id="alert_title_important">Important</item>
	<item id="alert_title_visualBasic">Visual Basic Note</item>
	<item id="alert_title_visualC#">C# Note</item>
	<item id="alert_title_visualC++">C++ Note</item>
	<item id="alert_title_visualJ#">J# Note</item>
	<item id="alert_title_todo">To Do</item>
	<item id="text_NotesForImplementers">Notes to Implementers</item>
	<item id="text_NotesForCallers">Notes to Callers</item>
	<item id="text_NotesForInheritors">Notes to Inheritors</item>

	<!-- Alert alt text -->
	<item id="alert_altText_tip">Tip</item>
	<item id="alert_altText_caution">Caution note</item>
	<item id="alert_altText_security">Security note</item>
	<item id="alert_altText_note">Note</item>
	<item id="alert_altText_important">Important note</item>
	<item id="alert_altText_visualBasic">Visual Basic note</item>
	<item id="alert_altText_visualC#">C# note</item>
	<item id="alert_altText_visualC++">C++ note</item>
	<item id="alert_altText_visualJ#">J# note</item>	
	<item id="alert_altText_todo">To Do</item>

	<!-- Index metadata entries -->
	<item id="indexEntry_root">namespace</item>
  <item id="indexEntry_namespace">{0} namespace</item>
  <item id="indexEntry_class">{0} class</item>
	<item id="indexEntry_structure">{0} structure</item>
	<item id="indexEntry_interface">{0} interface</item>
	<item id="indexEntry_delegate">{0} delegate</item>
	<item id="indexEntry_enumeration">{0} enumeration</item>
  <item id="indexEntry_enumerationMember">{0} enumeration member</item>
  <item id="indexEntry_members">{0}, all members</item>
  <item id="indexEntry_methods">{0}, methods</item>
  <!-- Index entry for operator list topic that has [operators + no type conversions] -->
  <item id="indexEntry_operators">{0}, operators</item>
  <!-- Index entry for operator list topic that has [operators + type conversions] -->
  <item id="indexEntry_operatorsAndTypeConversions">{0}, operators and type conversions</item>
  <!-- Index entry for operator list topic that has [no operators + type conversions] -->
  <item id="indexEntry_typeConversions">{0}, type conversions</item>
  <!-- Index entries for op_explicit and op_implicit members -->
  <item id="indexEntry_conversionOperator">{0} conversion</item>
  <item id="indexEntry_properties">{0}, properties</item>
  <item id="indexEntry_fields">{0}, fields</item>
  <item id="indexEntry_events">{0}, events</item>
  <item id="indexEntry_attachedProperties">{0}, attached properties</item>
  <item id="indexEntry_attachedEvents">{0}, attached events</item>
	<item id="indexEntry_constructors">{0}, constructors</item>
	<item id="indexEntry_constructor">{0}, constructor</item>
	<item id="indexEntry_constructorType">{0} constructor</item>
  <item id="indexEntry_method">{0} method</item>
	<item id="indexEntry_property">{0} property</item>
	<item id="indexEntry_event">{0} event</item>
	<item id="indexEntry_field">{0} field</item>
	<item id="indexEntry_operator">{0} operator</item>
	<item id="indexEntry_attachedProperty">{0} attached property</item>
	<item id="indexEntry_attachedEvent">{0} attached event</item>
	<item id="indexEntry_methodExplicit">{0} explicitly implemented method</item>
	<item id="indexEntry_propertyExplicit">{0} explicitly implemented property</item>
	<item id="indexEntry_eventExplicit">{0} explicitly implemented event</item>
	<item id="indexEntry_fieldExplicit">{0} explicitly implemented field</item>

  <!-- Versions section (version builder plug-in) -->
  <item id="supportedIn_1">Supportato in: {0}</item>
  <item id="supportedIn_2">Supportato in: {0}, {1}</item>
  <item id="supportedIn_3">Supportato in: {0}, {1}, {2}</item>
  <item id="supportedIn_4">Supportato in: {0}, {1}, {2}, {3}</item>
  <item id="supportedIn_5">Supportato in: {0}, {1}, {2}, {3}, {4}</item>
  <item id="supportedIn_6">Supportato in: {0}, {1}, {2}, {3}, {4}, {5}</item>
  <item id="supportedIn_7">Supportato in: {0}, {1}, {2}, {3}, {4}, {5}, {6}</item>
  <item id="supportedIn_8">Supportato in: {0}, {1}, {2}, {3}, {4}, {5}, {6}, {7}</item>
  <item id="supportedIn_9">Supportato in: {0}, {1}, {2}, {3}, {4}, {5}, {6}, {7}, {8}</item>
  <item id="supportedIn_10">Supportato in: {0}, {1}, {2}, {3}, {4}, {5}, {6}, {7}, {8}, {9}</item>
  <item id="supportedIn_11">Supportato in: {0}, {1}, {2}, {3}, {4}, {5}, {6}, {7}, {8}, {9}, {10}</item>
  <item id="supportedIn_12">Supportato in: {0}, {1}, {2}, {3}, {4}, {5}, {6}, {7}, {8}, {9}, {10}, {11}</item>
  <item id="supportedIn_13">Supportato in: {0}, {1}, {2}, {3}, {4}, {5}, {6}, {7}, {8}, {9}, {10}, {11}, {12}</item>
  <item id="supportedIn_14">Supportato in: {0}, {1}, {2}, {3}, {4}, {5}, {6}, {7}, {8}, {9}, {10}, {11}, {12}, {13}</item>
  <item id="supportedIn_15">Supportato in: {0}, {1}, {2}, {3}, {4}, {5}, {6}, {7}, {8}, {9}, {10}, {11}, {12}, {13}, {14}</item>
  <item id="supportedIn_16">Supportato in: {0}, {1}, {2}, {3}, {4}, {5}, {6}, {7}, {8}, {9}, {10}, {11}, {12}, {13}, {14}, {15}</item>
  <item id="obsoleteWarning">Obsoleto (warning dal compilatore) in {0}</item>
  <item id="obsoleteError">Obsoleto (non compila) in {0} e successive</item>
	
  <!-- Show Missing Component messages -->
  <item id="SMCAutoDocConstructor">Inizializza una nuova istanza della classe <referenceLink target="T:{0}" />.</item>
  <item id="SMCAutoDocStaticConstructor">Inizializza i campi statici della classe <referenceLink target="T:{0}" />.</item>
  <item id="SMCAutoDocDispose">Rilascia tutte le risorse utilizzate da <referenceLink target="T:{0}" />.</item>
  <item id="SMCAutoDocDisposeBool">Rilascia le risorse unmanaged usate da <referenceLink target="T:{0}" /> e opzionalmente rilascia anche le risorse managed.</item>
  <item id="SMCAutoDocDisposeParam">True per rilasciare sia le risorse managed che quelle unmanaged; false per rilasciare solo quelle unmanaged.</item>
  <item id="SMCMissingTag"><p class="missing">[Manca la documentazione &lt;{0}&gt; per "{1}"]</p></item>
  <item id="SMCMissingParamTag"><p class="missing">[Manca &lt;{0} nome="{1}"/&gt; documentazione per "{2}"]</p></item>
  <item id="SMCMissingIncludeTarget"><p class="missing">[Manca la documentazione di &lt;include&gt; in '{0}'.  File: '{1}' Percorso: '{2}']</p></item>
</content>
