﻿<?xml version="1.0" encoding="utf-8"?>
<!-- French translations contributed by Stéphane Gagnon -->
<content xml:space="preserve">

	<!-- Header and footer text -->
  <item id="tocTitle">{0}</item>
	<item id="documentationTitle">{@HtmlEncHelpTitle}</item>
	<item id="headerText">{@HeaderText}</item>
	<item id="feedback_body">Vos remarques sont utilisées pour améliorer la documentation et le produit. Votre addresse e-mail ne sera pas utilisé à d'autres fins, et sera supprimée une fois que le problème que vous signalez sera résolu. Pendant la résolution du problème que vous signalez, il est possible que vous soyez contacté par e-mail pour obtenir des précisions ou des clarifications sur vos remarques. Une fois que le problème que vois signalez sera résolu, il est possible que vous receviez un e-mail pour vous en informer.</item>
	<item id="footer_content">{@FooterText}{@Copyright}{@Comments}</item>
	<!-- This should remain empty unless overridden by the website content file -->
	<item id="websiteAdContent"></item>
	
	<item id="comments"><div class="feedbackLink">Envoyez vos commentaires sur cette documentation à
        <a id="HT_MailLink" href="mailto:{@UrlEncFeedbackEMailAddress}?Subject={@UrlEncHelpTitle}">{@HtmlEncFeedbackEMailAddress}</a></div>
        <script type="text/javascript">
        var HT_mailLink = document.getElementById("HT_MailLink");
        HT_mailLink.href += ": " + document.title + "\u0026body=" + encodeURIComponent("<include item='feedback_body' />");
        </script></item>

	<!-- Code/syntax section -->
	<item id="copyCode">Copie</item>
	<item id="sourceCodeLinkText">View Source</item>
	<item id="sourceCodeLinkTitle">View the source code</item>
	<item id="requestExampleLinkText">Request Example</item>
	<item id="requestExampleLinkTitle">Request an example for this topic</item>
	<item id="requestExampleScript">
		$(".requestExampleLink").each(function ()
		{{
			if(this.href.substring(0, 4).toLowerCase() === "http")
				this.href += "?title=";
			else
				this.href += "?subject={@UrlEncHelpTitle}: ";

			this.href += "Add an Example for " + encodeURIComponent(document.title) + "&amp;body=" +
				encodeURIComponent("Please add an example for " + document.title + ".%0D%0DTODO (optional): Describe a specific " +
				"scenario you would like to see addressed.%0D%0DHelp Topic: " + window.location.href).replace(/%250D/g, "%0D");
		}});
	</item>
	
	<!-- VS2013 presentation style items -->
	<item id="requestExample"><a id="HT_RequestExampleLink" href="{0}" target="_blank" rel="noopener noreferrer" class="{1}"
		title="Request an example for this topic">Request Example</a>
		<script type="text/javascript">
		var HT_requestExampleLink = document.getElementById("HT_RequestExampleLink");
				
		if(HT_requestExampleLink.href.substring(0, 4).toLowerCase() == "http")
			HT_requestExampleLink.href += "?title=";
		else
			HT_requestExampleLink.href += "?subject={@UrlEncHelpTitle}: ";

		HT_requestExampleLink.href += "Add an Example for " + encodeURIComponent(document.title) + "&amp;body=" +
			encodeURIComponent("Please add an example for " + document.title + ".%0D%0DTODO (optional): Describe a specific " +
			"scenario you would like to see addressed.%0D%0DHelp Topic: " + window.location.href).replace(/%250D/g, "%0D");
		</script></item>
	<item id="resizeToolTip">Cliquez ou draguez pour réajuster</item>

	<!-- Section titles -->
	<item id="bibliographyTitle">Bibliographie</item>
  <item id="title_appliesTo">S'applique à</item>
	<item id="title_attributes">Attributs</item>
  <item id="title_attributesAndElements">Attributs et Éléments</item>
  <item id="title_background">Background</item>
	<item id="title_buildInstructions">Compilation du code</item>
	<item id="title_changeHistory">Historique des modifications</item>
	<item id="title_childElement">Éléments enfants</item>
	<item id="title_conclusion">Conclusion</item>
  <item id="title_definition">Definition</item>
	<item id="title_delegateValue">Valeur de retour</item>
	<item id="title_demonstrates">Démonstrations</item>
  <item id="title_dotNetFrameworkEquivalent">Équivalent .NET Framework</item>
	<item id="title_elementInformation">Information sur l'élément</item>
  <item id="title_errorMessage">Message d'erreur</item>
	<item id="title_events">Événéments</item>
  <item id="title_example">Exemple</item>
	<item id="title_examples">Exemples</item>
	<item id="title_exceptions">Exceptions</item>
	<item id="title_extensionUsage">Note d'utilisation</item>
	<item id="title_externalResources">Ressources externes</item>
	<item id="title_family">Hiérarchie d'héritage</item>
	<item id="title_fieldValue">Valeur de champs</item>
	<item id="title_implements">Implémentes</item>
	<item id="title_inThisSection">Dans cette section</item>
  <item id="title_languageReferenceRemarks">Remarques</item>
	<item id="title_methodValue">Valeur de retour</item>
	<item id="title_namespaces">Espaces de noms</item>
	<item id="title_nextSteps">Étapes suivante</item>
	<item id="title_parameters">Parameters</item>
	<item id="title_parentElement">Éléments parent</item>
	<item id="title_permissions">.NET Framework Security</item>
	<item id="title_platforms">Plateformes</item>
  <item id="title_prerequisites">Prérequis</item>
	<item id="title_propertyValue">Valeur de propriété</item>
  <item id="title_reference">Réference</item>
	<item id="title_relatedSections">Sections connexes</item>
	<item id="title_relatedTopics">Voir aussi</item>
	<item id="title_remarks">Remarques</item>
	<item id="title_requirements">Exigences</item>
	<item id="title_returns">Valeur de retour</item>
	<item id="title_returnValue">Valeur de retour</item>
	<item id="title_revisionHistory">Historique des modifications</item>
  <item id="title_robustProgramming">Programmation robuste</item>
	<item id="title_security">Sécurité</item>
	<item id="title_seeAlso_concepts">Concepts</item>
	<item id="title_seeAlso_otherResources">Autres ressources</item>
	<item id="title_seeAlso_reference">Référence</item>
	<item id="title_seeAlso_tasks">Tâches</item>
	<item id="title_syntax">Syntaxe</item>
	<item id="title_templates">Type Parameters</item>
  <item id="title_textValue">Valeur du texte</item>
	<item id="title_threadSafety">Sécurité des threads</item>
	<item id="title_value">Valeur</item>
	<item id="title_versions">Information de version</item>
	<item id="title_whatsNew">Quoi de neuf</item>

	<!-- Topic titles -->
	<item id="topicTitle_root">{@RootNamespaceTitle}</item>
	<!-- This is used when a title is not specified in the project -->
  <item id="rootTopicTitleLocalized">Espaces de noms</item>
	<item id="topicTitle_attachedEvent">{0} Événement attaché</item>
 	<item id="topicTitle_attachedEvents">{0} Événement attaché</item>
	<item id="topicTitle_attachedProperties">{0} Propriétés attachés</item>
	<item id="topicTitle_attachedProperty">{0} Propriété attaché</item>
	<item id="topicTitle_class">{0} Classe</item>
	<item id="topicTitle_constructor">{0}{1} Constructeur</item>
	<item id="topicTitle_constructors">{0} Constructeurs</item>
	<item id="topicTitle_delegate">{0} Délégués</item>
	<item id="topicTitle_enumeration">{0} Énumeration</item>
	<item id="topicTitle_enumMembers">Membres</item>
	<item id="topicTitle_event">{0} Événement</item>
	<item id="topicTitle_events">{0} Événements</item>
	<item id="topicTitle_field">{0} Champ</item>
	<item id="topicTitle_fields">{0} Champs</item>
	<item id="topicTitle_interface">{0} Interface</item>
	<item id="topicTitle_method">{0}{1} Méthode</item>
	<item id="topicTitle_methods">{0} Méthodes</item>
	<item id="topicTitle_namespace">{0} Espace de nom</item>
	<item id="topicTitle_namespaceGroup">{0} Espaces de noms</item>
	<item id="topicTitle_properties">{0} Propriétés</item>
	<item id="topicTitle_property">{0}{1} Propriété</item>
	<item id="topicTitle_structure">{0} Structure</item>
  <!-- Title for operator members -->
	<item id="topicTitle_operator">{0}{1} Opérateur</item>
  <!-- Title for op_explicit and op_implicit members -->
  <item id="topicTitle_typeConversion">{0} Conversion {1}</item>
  <!-- Title for overload op_explicit and op_implicit topics -->
  <item id="topicTitle_conversionOperator">{0} Conversion d'opérateur</item>
  <!-- Title for operator list topic that has [operators + no type conversions] -->
  <item id="topicTitle_operators">{0} Opérateur</item>
  <!-- Title for operator list topic that has [operators + type conversions] -->
  <item id="topicTitle_operatorsAndTypeConversions">{0} Opérateurs et conversions de type</item>
  <!-- Title for operator list topic that has [no operators + type conversions] -->
  <item id="topicTitle_typeConversions">{0} Conversions de type</item>

	<!-- Table of contents simple titles -->
 	<item id="tocTitle_AttachedEvents">Événement attaché</item>
	<item id="tocTitle_AttachedProperties">Propriétés attachés</item>
	<item id="tocTitle_Constructor">Constructeur</item>
	<item id="tocTitle_Constructors">Constructeurs</item>
	<item id="tocTitle_Events">Événements</item>
	<item id="tocTitle_Fields">Champs</item>
	<item id="tocTitle_Methods">Méthodes</item>
	<item id="tocTitle_Operators">Opérateur</item>
	<item id="tocTitle_Properties">Propriétés</item>

  <!-- Member list table titles -->
  <item id="tableTitle_attachedEvent">Événements attachés</item>
  <item id="tableTitle_attachedProperty">Propriétés attachés</item>
	<item id="tableTitle_class">Classes</item>
  <item id="tableTitle_constructor">Constructeurs</item>
	<item id="tableTitle_delegate">Délégués</item>
	<item id="tableTitle_enumeration">Énumerations</item>
  <item id="tableTitle_event">Événements</item>
  <item id="tableTitle_explicitInterfaceImplementation">Implémnetations d'interface explicite</item>
  <item id="tableTitle_extension">Méthodes d'extensions</item>
  <item id="tableTitle_field">Champs</item>
	<item id="tableTitle_interface">Interfaces</item>
  <item id="tableTitle_method">Méthodes</item>
  <item id="tableTitle_namespace">Espace de noms</item>
  <item id="tableTitle_operator">Opérateurs</item>
	<item id="tableTitle_overload">Liste de surcharge</item>
  <item id="tableTitle_property">Propriétés</item>
	<item id="tableTitle_structure">Structures</item>

	<!-- Table column headers -->
  <item id="header_className">Classe</item>
  <item id="header_delegateName">Délégué</item>
  <item id="header_enumerationName">Énumeration</item>
	<item id="header_eventReason">Raison</item>
	<item id="header_eventType">Type d'événement</item>
	<item id="header_exceptionCondition">Condition</item>
	<item id="header_exceptionName">Exception</item>
  <item id="header_interfaceName">Interface</item>
	<item id="header_memberDescription">Description</item>
	<item id="header_memberName">Nom du membre</item>
	<item id="header_memberValue">Valeur</item>
	<item id="header_namespaceDescription">Description</item>
	<item id="header_namespaceName">Espace de nom</item>
	<item id="header_permissionDescription">Description</item>
	<item id="header_permissionName">Permission</item>
	<item id="header_revHistoryDate">Date</item>
	<item id="header_revHistoryDescription">Description</item>
	<item id="header_revHistoryVersion">Version</item>
  <item id="header_structureName">Structure</item>
	<item id="header_typeDescription">Description</item>
	<item id="header_typeName">Nom</item>
	
	<!-- Miscellaneous page text -->
  <item id="defaultNamespace">( Espace de nom par défaut )</item>
  <item id="definedBy">(Défini par {0})</item>
  <item id="exposedMembersTableText">Le type {0} expose les membres suivants.</item>	
	<item id="inheritedFrom">(Hérité de {0})</item>
	<item id="noCodeExample">Il n'y a pas d'exemple de code disponible actuellement ou le langage n'est pas supporté.</item>
	<item id="overridesMember">(Overrides {0})</item>
	<item id="preliminaryDocs">Ceci est une documentation préliminaire, sous réserve de modification.</item>
  <item id="preliminaryApi">Cette API est préliminaire et sujet à changements.</item>
	<item id="preliminaryShort">Preliminary</item>
	<item id="text_extensionUsage">En Visual Basic et C#, vous pouvez appeler cette méthode comme une méthode d'instance sur n'importe quel objet de type {0}. Lorsque vous utilisez la syntaxe des méthodes d'instance pour appeler cette méthode, omettez le premier paramètre. Pour plus d'informations, consultez <a href="https://docs.microsoft.com/dotnet/visual-basic/programming-guide/language-features/procedures/extension-methods" target="_blank" rel="noopener noreferrer">Méthodes d'extension (Visual Basic)</a> ou <a href="https://docs.microsoft.com/dotnet/csharp/programming-guide/classes-and-structs/extension-methods" target="_blank" rel="noopener noreferrer">Méthodes d'extension (Guide de programmation C#)</a>.</item>
	<item id="text_inheritance">Inheritance</item>
	<item id="text_derived">Derived</item>
	<item id="text_implements">Implements</item>
	<item id="text_moreInheritance">Plus</item>
	<item id="text_lessInheritance">Less</item>
  <item id="text_relatedEntries">Voir aussi:</item>
	<item id="top">Haut de la page</item>
	<item id="optionalText">(Optional)</item>
	<item id="inThisArticle">In This Article</item>
	<item id="showHideTOC">Show/Hide TOC</item>
	<item id="searchPlaceHolder">Search</item>
	
	<!-- Requirements section info -->
	<item id="assemblyNameAndModule">{0} (in {1}.{2}) Version: {3}</item>
  <item id="boilerplate_requirementsAssemblies">Assemblies:</item>
  <item id="boilerplate_requirementsAssemblyLabel">Assembly:</item>
  <item id="boilerplate_requirementsNamespace">Espace de nom:</item>
  <item id="boilerplate_unmappedXamlXmlns">Nom mappé à un xmlns.</item>
  <item id="boilerplate_xamlXmlnsRequirements">XMLNS pour XAML:</item>
	
  <!-- Auto-outline text -->
  <item id="boilerplate_autoOutlineTopLevelIntro">Ce sujet contient les sections suivantes:</item>
	<item id="boilerplate_autoOutlineSubsectionIntro">Cette section contient les sous-sections suivantes:</item>

  <!-- Copyright notice. {0} = Copyright text, {1} = Year(s), {2} = Holder(s) -->
  <item id="boilerplate_copyrightNotice">{0} &#169;{1}{2}. Tout droits réservés.</item>

	<!-- To format the copyright HREF and/or copyright text into a message of your choosing, you can specify
			 @HtmlEncCopyrightHref and/or @HtmlEncCopyrightText in braces -->
	<item id="copyright">{@HtmlEncCopyrightInfo}</item>
	
	<!-- Obsolete API text -->
  <item id="boilerplate_obsoleteShort">Obsolète.</item>
  <item id="boilerplate_obsoleteLong">Note: Cette API est maintenant obsolète.</item>
	
	<!-- See Also section text-->
  <item id="boilerplate_seeAlsoNamespaceLink">{0} Espace de nom</item>
  <item id="boilerplate_seeAlsoOverloadLink">{0} Surcharges</item>
  <item id="boilerplate_seeAlsoTypeLink">{0} <include item="text_{1}Upper"/></item>
  <item id="text_classUpper">Classe</item>
  <item id="text_structureUpper">Structure</item>
  <item id="text_interfaceUpper">Interface</item>
  <item id="text_delegateUpper">Délégué</item>
  <item id="text_enumerationUpper">Énumeration</item>

  <!-- Thread safety section text -->
  <item id="boilerplate_threadSafety">Tous les membres public  <include item="devlang_staticKeyword"/>  de ce type sont thread safe. Tous les membres de l'instance ne sont pas garantis d'être thread-safe.</item>
  <item id="text_staticThreadSafe">Les membres statiques de ce type sont sûrs pour des opérations multi-thread. </item>
  <item id="text_staticNotThreadSafe">Les membres statiques de ce type ne sont pas sûrs pour les opérations multi-thread. </item>
  <item id="text_instanceThreadSafe">Les membres d'instance de ce type sont sûrs pour des opérations multi-thread. </item>
  <item id="text_instanceNotThreadSafe">Les membres d'instance de ce type ne sont pas sûrs pour les opérations multi-thread. </item>
	
	<!-- Development language and code snippet titles for languages without a syntax generator -->
	<item id="devlang_batch">Batch Script</item>
	<item id="devlang_HTML">HTML</item>
	<item id="devlang_PShell">PowerShell</item>
	<item id="devlang_Python">Python</item>
	<item id="devlang_SQL">SQL</item>
	<item id="devlang_VBScript">Visual Basic Script</item>
	<item id="devlang_VisualBasicAndCSharp">Visual Basic et C#</item>
	<item id="devlang_XML">XML</item>

	<!-- Language keywords -->
	<item id="devlang_nullKeyword">une référence null (<span class="keyword">Nothing</span> en Visual Basic)</item>
	<item id="devlang_staticKeyword"><span class="keyword">static</span> (<span class="keyword">Shared</span> en Visual Basic)</item>
	<item id="devlang_virtualKeyword"><span class="keyword">virtual</span> (<span class="keyword">Overridable</span> en Visual Basic)</item>
	<item id="devlang_trueKeyword"><span class="keyword">true</span> (<span class="keyword">True</span> en Visual Basic)</item>
	<item id="devlang_falseKeyword"><span class="keyword">false</span> (<span class="keyword">False</span> en Visual Basic)</item>
	<item id="devlang_abstractKeyword"><span class="keyword">abstract</span> (<span class="keyword">MustInherit</span> en Visual Basic)</item>
  <item id="devlang_sealedKeyword"><span class="keyword">sealed</span> (<span class="keyword">NotInheritable</span> en Visual Basic)</item>
	<item id="devlang_asyncKeyword"><span class="keyword">async</span> (<span class="keyword">Async</span> en Visual Basic)</item>
	<item id="devlang_awaitKeyword"><span class="keyword">await</span> (<span class="keyword">Await</span> en Visual Basic)</item>
	<item id="devlang_asyncAwaitKeyword"><span class="keyword">async</span>/<span class="keyword">await</span> (<span class="keyword">Async</span>/<span class="keyword">Await</span> en Visual Basic)</item>

	<!-- Development language metadata values for languages without a syntax generator -->
	<item id="metaLang_batch">Batch Script</item>
	<item id="metaLang_HTML">HTML</item>
	<item id="metaLang_PShell">PowerShell</item>
	<item id="metaLang_Python">Python</item>
	<item id="metaLang_SQL">SQL</item>
	<item id="metaLang_VBScript">VBScript</item>
	<item id="metaLang_VisualBasicAndCSharp">VB et C#</item>
	<item id="metaLang_XML">XML</item>

	<!-- Alt text for images -->
  <item id="altText_CodeExample">Exemple de code</item>
  <item id="altText_ExplicitInterface">Implémentation d'interface explicite</item>
	<item id="altText_privAttachedEvent">Événement attaché privé</item>
	<item id="altText_privClass">Classe privée</item>
	<item id="altText_privConstructor">Constructeur privé</item>
	<item id="altText_privDelegate">Délégué Privé</item>
	<item id="altText_privEnumeration">Énumération Privée</item>
	<item id="altText_privEvent">Évenement privé</item>
	<item id="altText_privExtension">Méthode d'extension privée</item>
	<item id="altText_privField">Membre privé</item>
	<item id="altText_privInterface">Interface Privée</item>
	<item id="altText_privMethod">Méthode privée</item>
	<item id="altText_privOperator">Opérateur privé</item>
	<item id="altText_privProperty">Propriété privée</item>
	<item id="altText_privStructure">Structure Privée</item>
	<item id="altText_privAttachedProperty">Propriété attachée privée</item>
	<item id="altText_protAttachedEvent">Événement attaché protégé</item>
	<item id="altText_protAttachedProperty">Propriété attachée protégée</item>
	<item id="altText_protClass">Classe protégée</item>
	<item id="altText_protConstructor">Constructeur protégé</item>
	<item id="altText_protDelegate">protégée delegate</item>
	<item id="altText_protEnumeration">Énumération protégée</item>
	<item id="altText_protEvent">Évenement protégé</item>
	<item id="altText_protExtension">Méthode d'extension protégée</item>
	<item id="altText_protField">Membre protégé</item>
	<item id="altText_protInterface">Interface protégée</item>
	<item id="altText_protMethod">Méthode protégé</item>
	<item id="altText_protOperator">Opérateur protégé</item>
	<item id="altText_protProperty">Propriété protégé</item>
	<item id="altText_protStructure">Structure protégée</item>
	<item id="altText_pubAttachedEvent">Événement attaché publique</item>
	<item id="altText_pubAttachedProperty">Propriété attachée publique</item>
	<item id="altText_pubClass">Classe publique</item>
	<item id="altText_pubConstructor">Constructeur publique</item>
	<item id="altText_pubDelegate">Délégué publique</item>
	<item id="altText_pubEnumeration">Énumération publique</item>
	<item id="altText_pubEvent">Évenement publique</item>
	<item id="altText_pubExtension">Méthode d'extension publique</item>
	<item id="altText_pubField">Membre publique</item>
	<item id="altText_pubInterface">Interface publique</item>
	<item id="altText_pubMethod">Méthode publique</item>
	<item id="altText_pubOperator">Opérateur publique</item>
	<item id="altText_pubProperty">Propriété publique</item>
	<item id="altText_pubStructure">Structure publique</item>
	<item id="altText_Static">Membre statique</item>
	
	<!-- Alert titles -->
	<item id="alert_title_tip">Conseil</item>
	<item id="alert_title_caution">Avertissement</item>
	<item id="alert_title_security">Note de sécurité</item>
	<item id="alert_title_note">Note</item>
	<item id="alert_title_important">Important</item>
	<item id="alert_title_visualBasic">Visual Basic Note</item>
	<item id="alert_title_visualC#">C# Note</item>
	<item id="alert_title_visualC++">C++ Note</item>
	<item id="alert_title_visualJ#">J# Note</item>
	<item id="alert_title_todo">To Do</item>
	<item id="text_NotesForImplementers">Remarques pour les implémenteurs</item>
	<item id="text_NotesForCallers">Remarques pour les appelants</item>
	<item id="text_NotesForInheritors">Remarques à l'attention des héritiers</item>

	<!-- Alert alt text -->
	<item id="alert_altText_tip">Conseil</item>
	<item id="alert_altText_caution">Avertissement</item>
	<item id="alert_altText_security">Note de sécurité</item>
	<item id="alert_altText_note">Note</item>
	<item id="alert_altText_important">Important note</item>
	<item id="alert_altText_visualBasic">Visual Basic note</item>
	<item id="alert_altText_visualC#">C# note</item>
	<item id="alert_altText_visualC++">C++ note</item>
	<item id="alert_altText_visualJ#">J# note</item>	
	<item id="alert_altText_todo">To Do</item>

	<!-- Index metadata entries -->
	<item id="indexEntry_root">espaces de nom</item>
  <item id="indexEntry_namespace">{0} espace de nom</item>
  <item id="indexEntry_class">{0} classe</item>
	<item id="indexEntry_structure">{0} structure</item>
	<item id="indexEntry_interface">{0} interface</item>
	<item id="indexEntry_delegate">{0} délégué</item>
	<item id="indexEntry_enumeration">{0} énumeration</item>
  <item id="indexEntry_enumerationMember">{0} énumeration de membre</item>
  <item id="indexEntry_members">{0}, tous les membres</item>
  <item id="indexEntry_methods">{0}, méthodes</item>
  <!-- index entry for operator list topic that has [operators + no type conversions] -->
  <item id="indexEntry_operators">{0}, opérateurs</item>
  <!-- index entry for operator list topic that has [operators + type conversions] -->
  <item id="indexEntry_operatorsAndTypeConversions">{0}, opérateurs et conversions de type</item>
  <!-- index entry for operator list topic that has [no operators + type conversions] -->
  <item id="indexEntry_typeConversions">{0}, conversions de type</item>
  <!-- index entries for op_explicit and op_implicit members -->
  <item id="indexEntry_conversionOperator">{0} conversion</item>
  <item id="indexEntry_properties">{0}, propriétés</item>
  <item id="indexEntry_fields">{0}, champs</item>
  <item id="indexEntry_events">{0}, événements</item>
  <item id="indexEntry_attachedProperties">{0}, propriétés attachés</item>
  <item id="indexEntry_attachedEvents">{0}, événements attachés</item>
	<item id="indexEntry_constructors">{0}, constructeurs</item>
	<item id="indexEntry_constructor">{0}, constructeur</item>
	<item id="indexEntry_constructorType">{0} constructeur</item>
  <item id="indexEntry_method">{0} méthode</item>
	<item id="indexEntry_property">{0} propriété</item>
	<item id="indexEntry_event">{0} événement</item>
	<item id="indexEntry_field">{0} champ</item>
	<item id="indexEntry_operator">{0} opérateur</item>
	<item id="indexEntry_attachedProperty">{0} propriété attachée</item>
	<item id="indexEntry_attachedEvent">{0} événement attaché</item>
	<item id="indexEntry_methodExplicit">{0} implémentation explicite de méthode</item>
	<item id="indexEntry_propertyExplicit">{0} implémentation explicite de propriété</item>
	<item id="indexEntry_eventExplicit">{0}implémentation explicite d'événement</item>
	<item id="indexEntry_fieldExplicit">{0} implémentation explicite de champ</item>

  <!-- Versions section (version builder plug-in) -->
  <item id="supportedIn_1">Pris en charge dans: {0}</item>
  <item id="supportedIn_2">Pris en charge dans: {0}, {1}</item>
  <item id="supportedIn_3">Pris en charge dans: {0}, {1}, {2}</item>
  <item id="supportedIn_4">Pris en charge dans: {0}, {1}, {2}, {3}</item>
  <item id="supportedIn_5">Pris en charge dans: {0}, {1}, {2}, {3}, {4}</item>
  <item id="supportedIn_6">Pris en charge dans: {0}, {1}, {2}, {3}, {4}, {5}</item>
  <item id="supportedIn_7">Pris en charge dans: {0}, {1}, {2}, {3}, {4}, {5}, {6}</item>
  <item id="supportedIn_8">Pris en charge dans: {0}, {1}, {2}, {3}, {4}, {5}, {6}, {7}</item>
  <item id="supportedIn_9">Pris en charge dans: {0}, {1}, {2}, {3}, {4}, {5}, {6}, {7}, {8}</item>
  <item id="supportedIn_10">Pris en charge dans: {0}, {1}, {2}, {3}, {4}, {5}, {6}, {7}, {8}, {9}</item>
  <item id="supportedIn_11">Pris en charge dans: {0}, {1}, {2}, {3}, {4}, {5}, {6}, {7}, {8}, {9}, {10}</item>
  <item id="supportedIn_12">Pris en charge dans: {0}, {1}, {2}, {3}, {4}, {5}, {6}, {7}, {8}, {9}, {10}, {11}</item>
  <item id="supportedIn_13">Pris en charge dans: {0}, {1}, {2}, {3}, {4}, {5}, {6}, {7}, {8}, {9}, {10}, {11}, {12}</item>
  <item id="supportedIn_14">Pris en charge dans: {0}, {1}, {2}, {3}, {4}, {5}, {6}, {7}, {8}, {9}, {10}, {11}, {12}, {13}</item>
  <item id="supportedIn_15">Pris en charge dans: {0}, {1}, {2}, {3}, {4}, {5}, {6}, {7}, {8}, {9}, {10}, {11}, {12}, {13}, {14}</item>
  <item id="supportedIn_16">Pris en charge dans: {0}, {1}, {2}, {3}, {4}, {5}, {6}, {7}, {8}, {9}, {10}, {11}, {12}, {13}, {14}, {15}</item>
  <item id="obsoleteWarning">Obsolète (avertissement du compilateur) dans {0}</item>
  <item id="obsoleteError">Obsolète (ne compile pas) dans {0} et ultérieur</item>
	
  <!-- Show Missing Component messages -->
  <item id="SMCAutoDocConstructor">Initialise une nouvelle instance de la classe <referenceLink target="T:{0}" />.</item>
  <item id="SMCAutoDocStaticConstructor">Initialise les champs statiques de la classe <referenceLink target="T:{0}" />.</item>
  <item id="SMCAutoDocDispose">Libère toutes les ressources utilisées par le <referenceLink target="T:{0}" /></item>
  <item id="SMCAutoDocDisposeBool">Libère les ressources non managées utilisées par <referenceLink target="T:{0}" /> et libère éventuellement les ressources managées</item>
  <item id="SMCAutoDocDisposeParam">Vrai pour libérer les ressources gérées et non gérées; faux pour libérer seulement des ressources non managées</item>
  <item id="SMCMissingTag"><p class="missing">[Documentation manquante &lt;{0}&gt; pour "{1}"]</p></item>
  <item id="SMCMissingParamTag"><p class="missing">[Documentation manquante &lt;{0} name="{1}"/&gt; pour "{2}"]</p></item>
  <item id="SMCMissingIncludeTarget"><p class="missing">[Source de documentation manquante &lt;include&gt; dans '{0}'.  Fichier: '{1}' Chemin: '{2}']</p></item>
</content>
