[
  {
    "name": "a_times_b_plus_c",
    "inputs": [
      { "name": "A" },
      { "name": "B" },
      { "name": "C" }
    ],
    "outputs": [
      { "name": "output" }
    ]
  },
  {
    "name": "abs",
    "inputs": [
      { "name": "input" }
    ],
    "outputs": [
      { "name": "output" }
    ]
  },
  {
    "name": "acosh",
    "inputs": [
      { "name": "input" }
    ],
    "outputs": [
      { "name": "output" }
    ]
  },
  {
    "name": "activity_regularization",
    "attributes": [
      { "name": "l1", "default": 0.0 },
      { "name": "l2", "default": 0.0 }
    ],
    "inputs": [
      { "name": "input" }
    ],
    "outputs": [
      { "name": "output" }
    ]
  },
  {
    "name": "add",
    "inputs": [
      { "name": "A" },
      { "name": "B" }
    ],
    "outputs": [
      { "name": "C" }
    ]
  },
  {
    "name": "addn",
    "outputs": [
      { "name": "output" }
    ]
  },
  {
    "name": "additive_attention",
    "category": "Attention",
    "attributes": [
      { "name": "use_scale", "default": true },
      { "name": "dropout", "default": 0.0 }
    ],
    "inputs": [
      { "name": "input0" },
      { "name": "input1" },
      { "name": "input2" }
    ],
    "outputs": [
      { "name": "output" }
    ]
  },
  {
    "name": "alpha_dropout",
    "category": "Dropout",
    "attributes": [
      { "name": "rate", "default": 0.1 },
      { "name": "seed", "default": 0.0 }
    ],
    "inputs": [
      { "name": "input" }
    ],
    "outputs": [
      { "name": "output" }
    ]
  },
  {
    "name": "argmin",
    "attributes": [
      { "name": "axis", "default": -1 },
      { "name": "keepdims", "default": false },
      { "name": "select_last_index", "default": false },
      { "name": "output_type", "default": "int64" }
    ],
    "inputs": [
      { "name": "input" }
    ],
    "outputs": [
      { "name": "output" }
    ]
  },
  {
    "name": "atan",
    "inputs": [
      { "name": "input" }
    ],
    "outputs": [
      { "name": "output" }
    ]
  },
  {
    "name": "atan2",
    "inputs": [
      { "name": "input0" },
      { "name": "input1" }
    ],
    "outputs": [
      { "name": "output" }
    ]
  },
  {
    "name": "atanh",
    "inputs": [
      { "name": "input" }
    ],
    "outputs": [
      { "name": "output" }
    ]
  },
  {
    "name": "attention",
    "category": "Attention",
    "attributes": [
      { "name": "use_scale", "default": true },
      { "name": "dropout", "default": 0.0 },
      { "name": "score_mode", "default": "dot" }
    ],
    "inputs": [
      { "name": "input0" },
      { "name": "input1" }
    ],
    "outputs": [
      { "name": "output" }
    ]
  },
  {
    "name": "average",
    "inputs": [
      { "name": "input0" },
      { "name": "input1" }
    ],
    "outputs": [
      { "name": "output" }
    ]
  },
  {
    "name": "base_input_layer",
    "inputs": [
      { "name": "input" }
    ],
    "outputs": [
      { "name": "output" }
    ]
  },
  {
    "name": "batch2space",
    "attributes": [
      { "name": "block_shape", "default": [2, 2] },
      { "name": "block_crops", "default": [[0, 0], [0, 0]] }
    ],
    "inputs": [
      { "name": "input" }
    ],
    "outputs": [
      { "name": "output" }
    ]
  },
  {
    "name": "batch2space_op",
    "attributes": [
      { "name": "block_shape", "default": [2] },
      { "name": "block_crops", "default": [[0, 1]] }
    ],
    "inputs": [
      { "name": "input0" },
      { "name": "input1" }
    ],
    "outputs": [
      { "name": "output" }
    ]
  },
  {
    "name": "batchnorm_single",
    "category": "Normalization",
    "attributes": [
      { "name": "eps", "default": 0.0001 }
    ],
    "inputs": [
      { "name": "input" },
      { "name": "mean" },
      { "name": "variance" }
    ],
    "constants": [
      { "name": "bias" },
      { "name": "scale" }
    ],
    "outputs": [
      { "name": "output" }
    ]
  },
  {
    "name": "batchnormalize",
    "category": "Normalization",
    "attributes": [
      { "name": "eps", "default": 0.0001 }
    ],
    "inputs": [
      { "name": "input" }
    ],
    "constants": [
      { "name": "beta" },
      { "name": "gamma" },
      { "name": "mean" },
      { "name": "variance" }
    ],
    "outputs": [
      { "name": "output" }
    ]
  },
  {
    "name": "bitwise_and",
    "inputs": [
      { "name": "input0" },
      { "name": "input1" }
    ],
    "outputs": [
      { "name": "output" }
    ]
  },
  {
    "name": "bitwise_or",
    "inputs": [
      { "name": "input0" },
      { "name": "input1" }
    ],
    "outputs": [
      { "name": "output" }
    ]
  },
  {
    "name": "bitwise_xor",
    "inputs": [
      { "name": "input0" },
      { "name": "input1" }
    ],
    "outputs": [
      { "name": "output" }
    ]
  },
  {
    "name": "broadcast_args",
    "inputs": [
      { "name": "input0" },
      { "name": "input1" }
    ],
    "outputs": [
      { "name": "output" }
    ]
  },
  {
    "name": "bucketize",
    "attributes": [
      { "name": "right", "default": false },
      { "name": "out_type", "default": "uint32" }
    ],
    "inputs": [
      { "name": "input0" },
      { "name": "input1" }
    ],
    "outputs": [
      { "name": "output" }
    ]
  },
  {
    "name": "ctc_loss_layer",
    "attributes": [
      { "name": "time_major", "default": false }
    ],
    "inputs": [
      { "name": "input0" },
      { "name": "input1" }
    ],
    "outputs": [
      { "name": "output" }
    ]
  },
  {
    "name": "capsule_norm",
    "category": "Normalization",
    "inputs": [
      { "name": "input" }
    ],
    "outputs": [
      { "name": "output" }
    ]
  },
  {
    "name": "cast",
    "category": "Quantization",
    "attributes": [
      { "name": "in_data_type", "default": 0 },
      { "name": "out_data_type", "default": 0 }
    ],
    "inputs": [
      { "name": "input" }
    ],
    "outputs": [
      { "name": "output" }
    ]
  },
  {
    "name": "ceil",
    "inputs": [
      { "name": "input" }
    ],
    "outputs": [
      { "name": "output" }
    ]
  },
  {
    "name": "celu",
    "category": "Activation",
    "attributes": [
      { "name": "alpha", "default": 1.0 }
    ],
    "inputs": [
      { "name": "input" }
    ],
    "outputs": [
      { "name": "output" }
    ]
  },
  {
    "name": "center_crop_pad",
    "attributes": [
      { "name": "shape", "default": [] }
    ],
    "inputs": [
      { "name": "input" }
    ],
    "outputs": [
      { "name": "output" }
    ]
  },
  {
    "name": "clipbyvalue",
    "attributes": [
      { "name": "clip_value_min", "default": 0 },
      { "name": "clip_value_max", "default": 255 }
    ],
    "inputs": [
      { "name": "input" }
    ],
    "outputs": [
      { "name": "output" }
    ]
  },
  {
    "name": "col2im",
    "attributes": [
      { "name": "image_shape", "default": [] },
      { "name": "block_shape", "default": [] },
      { "name": "pads", "default": [[0, 0], [0, 0]] },
      { "name": "strides", "default": [1, 1] },
      { "name": "dilations", "default": [1, 1] }
    ],
    "inputs": [
      { "name": "input" }
    ],
    "outputs": [
      { "name": "output" }
    ]
  },
  {
    "name": "concat",
    "category": "Tensor",
    "attributes": [
      { "name": "dim", "default": 1 }
    ],
    "outputs": [
      { "name": "output" }
    ]
  },
  {
    "name": "concatshift",
    "category": "Tensor",
    "attributes": [
      { "name": "dim", "default": 1 },
      { "name": "keep_size", "default": 1 }
    ],
    "outputs": [
      { "name": "data" },
      { "name": "shifted_data" }
    ]
  },
  {
    "name": "continuationindicator",
    "attributes": [
      { "name": "time_step", "default": 0 },
      { "name": "batch_size", "default": 0 }
    ],
    "inputs": [
      { "name": "input" }
    ],
    "outputs": [
      { "name": "output" }
    ]
  },
  {
    "name": "conv1d",
    "category": "Layer",
    "attributes": [
      { "name": "padding_mode", "default": "CONSTANT" },
      { "name": "weights", "default": 1 },
      { "name": "padding", "default": "VALID" },
      { "name": "bias", "default": true },
      { "name": "group_number", "default": 1 },
      { "name": "ksize", "default": 1 },
      { "name": "stride", "default": 1 },
      { "name": "pad_method", "default": "auto" },
      { "name": "pad", "default": [0, 0] },
      { "name": "pad_method", "default": "auto" },
      { "name": "dilation", "default": [1, 1, 1] }
    ],
    "inputs": [
      { "name": "input" }
    ],
    "constants": [
      { "name": "weight" },
      { "name": "bias" }
    ],
    "outputs": [
      { "name": "output" }
    ]
  },
  {
    "name": "conv1d_winograd",
    "category": "Layer",
    "attributes": [
      { "name": "padding_mode", "default": "CONSTANT" },
      { "name": "weights", "default": 1 },
      { "name": "padding", "default": "VALID" },
      { "name": "bias", "default": true },
      { "name": "group_number", "default": 1 },
      { "name": "ksize", "default": 1 },
      { "name": "stride", "default": 1 },
      { "name": "pad_method", "default": "auto" },
      { "name": "pad", "default": [0, 0] },
      { "name": "pad_method", "default": "auto" },
      { "name": "dilation", "default": [1, 1, 1] },
      { "name": "wino_n", "default": 2 }
    ],
    "inputs": [
      { "name": "input" }
    ],
    "constants": [
      { "name": "weight" },
      { "name": "bias" },
      { "name": "AT" },
      { "name": "G" },
      { "name": "BT" }
    ],
    "outputs": [
      { "name": "output" }
    ]
  },
  {
    "name": "conv2d_lstm",
    "category": "Layer",
    "attributes": [
      { "name": "filters", "default": 1 },
      { "name": "ksize_h", "default": 1 },
      { "name": "ksize_w", "default": 1 },
      { "name": "stride_h", "default": 1 },
      { "name": "stride_w", "default": 1 },
      { "name": "dilation", "default": [1, 1, 1, 1] },
      { "name": "pad_method", "default": "auto" },
      { "name": "padding", "default": "VALID" },
      { "name": "pad", "default": [0, 0, 0, 0] },
      { "name": "data_format", "default": "channels_last" },
      { "name": "return_sequences", "default": true },
      { "name": "recurrent_activation", "default": "hard_sigmoid" },
      { "name": "activation", "default": "tanh" }
    ],
    "inputs": [
      { "name": "input0" },
      { "name": "input1" },
      { "name": "input2" }
    ],
    "constants": [
      { "name": "ki" },
      { "name": "kf" },
      { "name": "kc" },
      { "name": "ko" },
      { "name": "ri" },
      { "name": "rf" },
      { "name": "rc" },
      { "name": "ro" },
      { "name": "bi" },
      { "name": "bf" },
      { "name": "bc" },
      { "name": "bo" }
    ],
    "outputs": [
      { "name": "output0" },
      { "name": "output1" },
      { "name": "output2" }
    ]
  },
  {
    "name": "conv2d_op",
    "category": "Layer",
    "attributes": [
      { "name": "padding_mode", "default": "CONSTANT" },
      { "name": "padding", "default": "VALID" },
      { "name": "group_number", "default": 1 },
      { "name": "ksize_h", "default": 1 },
      { "name": "ksize_w", "default": 1 },
      { "name": "stride_h", "default": 1 },
      { "name": "stride_w", "default": 1 },
      { "name": "pad_h", "default": 0 },
      { "name": "pad_w", "default": 0 },
      { "name": "dilation", "default": [1, 1, 1, 1] },
      { "name": "pad_method", "default": "auto" },
      { "name": "pad", "default": [0, 0, 0, 0] },
      { "name": "pad_h_b", "default": 0 },
      { "name": "pad_w_r", "default": 0 }
    ],
    "inputs": [
      { "name": "input" },
      { "name": "weight" },
      { "name": "bias" }
    ],
    "outputs": [
      { "name": "output" }
    ]
  },
  {
    "name": "conv3d",
    "category": "Layer",
    "attributes": [
      { "name": "padding_mode", "default": "CONSTANT" },
      { "name": "weights", "default": 1 },
      { "name": "bias", "default": false },
      { "name": "group_number", "default": 1 },
      { "name": "ksize_d", "default": 1 },
      { "name": "ksize_h", "default": 1 },
      { "name": "ksize_w", "default": 1 },
      { "name": "stride_d", "default": 1 },
      { "name": "stride_h", "default": 1 },
      { "name": "stride_w", "default": 1 },
      { "name": "padding", "default": "VALID" },
      { "name": "pad_method", "default": "auto" },
      { "name": "pad", "default": [0, 0, 0, 0, 0, 0] },
      { "name": "dilation", "default": [1, 1, 1, 1, 1] }
    ],
    "inputs": [
      { "name": "input" }
    ],
    "constants": [
      { "name": "weight" },
      { "name": "bias" }
    ],
    "outputs": [
      { "name": "output" }
    ]
  },
  {
    "name": "convolution",
    "category": "Layer",
    "attributes": [
      { "name": "padding_mode", "default": "CONSTANT" },
      { "name": "weights", "default": 1 },
      { "name": "padding", "default": "VALID" },
      { "name": "bias", "default": true },
      { "name": "group_number", "default": 1 },
      { "name": "regularize", "default": false },
      { "name": "ksize_h", "default": 1 },
      { "name": "ksize_w", "default": 1 },
      { "name": "stride_h", "default": 1 },
      { "name": "stride_w", "default": 1 },
      { "name": "pad_h", "default": 0 },
      { "name": "pad_w", "default": 0 },
      { "name": "dilation", "default": [1, 1, 1, 1] },
      { "name": "pad_method", "default": "auto" },
      { "name": "pad", "default": [0, 0, 0, 0] },
      { "name": "pad_h_b", "default": 0 },
      { "name": "pad_w_r", "default": 0 },
      { "name": "multiplier", "default": 0 }
    ],
    "inputs": [
      { "name": "input" }
    ],
    "constants": [
      { "name": "weight" },
      { "name": "bias" }
    ],
    "outputs": [
      { "name": "output" }
    ]
  },
  {
    "name": "cos",
    "inputs": [
      { "name": "input" }
    ],
    "outputs": [
      { "name": "output" }
    ]
  },
  {
    "name": "cropandresize",
    "attributes": [
      { "name": "num_crop_boxes", "default": 0 },
      { "name": "crop_size", "default": [] },
      { "name": "resize_method", "default": "bilinear" }
    ],
    "inputs": [
      { "name": "input" }
    ],
    "constants": [
      { "name": "boxes" },
      { "name": "box_ind" }
    ],
    "outputs": [
      { "name": "output" }
    ]
  },
  {
    "name": "crop_image",
    "attributes": [
      { "name": "crop_size", "default": [] }
    ],
    "inputs": [
      { "name": "input" }
    ],
    "outputs": [
      { "name": "output" }
    ]
  },
  {
    "name": "cumsum",
    "attributes": [
      { "name": "axis", "default": 0 },
      { "name": "exclusive", "default": false },
      { "name": "reverse", "default": false }
    ],
    "inputs": [
      { "name": "input" }
    ],
    "outputs": [
      { "name": "output" }
    ]
  },
  {
    "name": "customlayer"
  },
  {
    "name": "dft",
    "attributes": [
      { "name": "axis", "default": "1" },
      { "name": "inverse", "default": "0" },
      { "name": "onesided", "default": "0" }
    ],
    "inputs": [
      { "name": "input" }
    ],
    "outputs": [
      { "name": "output" }
    ]
  },
  {
    "name": "deconvolution",
    "category": "Layer",
    "attributes": [
      { "name": "weights", "default": 1 },
      { "name": "padding", "default": "VALID" },
      { "name": "bias", "default": true },
      { "name": "group_number", "default": 1 },
      { "name": "regularize", "default": false },
      { "name": "ksize_h", "default": 1 },
      { "name": "ksize_w", "default": 1 },
      { "name": "stride_h", "default": 1 },
      { "name": "stride_w", "default": 1 },
      { "name": "pad_h", "default": 0 },
      { "name": "pad_w", "default": 0 },
      { "name": "pad_method", "default": "auto" },
      { "name": "pad", "default": [0, 0, 0, 0] },
      { "name": "pad_h_b", "default": 0 },
      { "name": "pad_w_r", "default": 0 },
      { "name": "output_shape", "default": [] },
      { "name": "output_padding_h", "default": 0 },
      { "name": "output_padding_w", "default": 0 }
    ],
    "inputs": [
      { "name": "input0" },
      { "name": "input1" }
    ],
    "constants": [
      { "name": "weight" },
      { "name": "bias" }
    ],
    "outputs": [
      { "name": "output" }
    ]
  },
  {
    "name": "deconvolution1d",
    "category": "Layer",
    "attributes": [
      { "name": "weights", "default": 1 },
      { "name": "padding", "default": "VALID" },
      { "name": "bias", "default": true },
      { "name": "group_number", "default": 1 },
      { "name": "ksize", "default": 1 },
      { "name": "stride", "default": 1 },
      { "name": "pad_method", "default": "auto" },
      { "name": "pad", "default": [0, 0] },
      { "name": "dilation", "default": [1] },
      { "name": "output_shape", "default": [] },
      { "name": "output_padding", "default": 0 }
    ],
    "inputs": [
      { "name": "input" }
    ],
    "constants": [
      { "name": "weight" },
      { "name": "bias" }
    ],
    "outputs": [
      { "name": "output" }
    ]
  },
  {
    "name": "deconvolution_op",
    "category": "Layer",
    "attributes": [
      { "name": "padding", "default": "VALID" },
      { "name": "group_number", "default": 1 },
      { "name": "regularize", "default": false },
      { "name": "ksize_h", "default": 1 },
      { "name": "ksize_w", "default": 1 },
      { "name": "stride_h", "default": 1 },
      { "name": "stride_w", "default": 1 },
      { "name": "pad_h", "default": 0 },
      { "name": "pad_w", "default": 0 },
      { "name": "pad_method", "default": "auto" },
      { "name": "pad", "default": [0, 0,  0] },
      { "name": "pad_h_b", "default": 0 },
      { "name": "pad_w_r", "default": 0 },
      { "name": "output_shape", "default": [] },
      { "name": "output_padding_h", "default": 0 },
      { "name": "output_padding_w", "default": 0 }
    ],
    "inputs": [
      { "name": "input" },
      { "name": "weight" },
      { "name": "output_shape" }
    ],
    "outputs": [
      { "name": "output" }
    ]
  },
  {
    "name": "deconvolution3d",
    "category": "Layer",
    "attributes": [
      { "name": "weights", "default": 1 },
      { "name": "bias", "default": false },
      { "name": "group_number", "default": 1 },
      { "name": "ksize_d", "default": 1 },
      { "name": "ksize_h", "default": 1 },
      { "name": "ksize_w", "default": 1 },
      { "name": "stride_d", "default": 1 },
      { "name": "stride_h", "default": 1 },
      { "name": "stride_w", "default": 1 },
      { "name": "padding", "default": "VALID" },
      { "name": "pad_method", "default": "auto" },
      { "name": "pad", "default": [0, 0, 0, 0, 0, 0] },
      { "name": "pad_d_d", "default": 0 },
      { "name": "pad_h_b", "default": 0 },
      { "name": "pad_w_r", "default": 0 },
      { "name": "output_shape", "default": [] },
      { "name": "output_padding_d", "default": 0 },
      { "name": "output_padding_h", "default": 0 },
      { "name": "output_padding_w", "default": 0 }
    ],
    "inputs": [
      { "name": "data" },
      { "name": "output_shape" }
    ],
    "constants": [
      { "name": "weight" },
      { "name": "bias" }
    ],
    "outputs": [
      { "name": "output" }
    ]
  },
  {
    "name": "depth2space",
    "attributes": [
      { "name": "block_size", "default": 2 },
      { "name": "mode", "default": "DCR" }
    ],
    "inputs": [
      { "name": "input" }
    ],
    "outputs": [
      { "name": "output" }
    ]
  },
  {
    "name": "depthwise_conv1d",
    "category": "Layer",
    "attributes": [
      { "name": "padding_mode", "default": "CONSTANT" },
      { "name": "weights", "default": 1 },
      { "name": "padding", "default": "VALID" },
      { "name": "bias", "default": true },
      { "name": "group_number", "default": 2 },
      { "name": "ksize", "default": 1 },
      { "name": "stride", "default": 1 },
      { "name": "pad_method", "default": "auto" },
      { "name": "pad", "default": [0, 0] },
      { "name": "dilation", "default": [1, 1, 1] },
      { "name": "multiplier", "default": 1 }
    ],
    "inputs": [
      { "name": "input" }
    ],
    "constants": [
      { "name": "weight" },
      { "name": "bias" }
    ],
    "outputs": [
      { "name": "output" }
    ]
  },
  {
    "name": "depthwise_conv2d_op",
    "category": "Layer",
    "attributes": [
      { "name": "padding_mode", "default": "CONSTANT" },
      { "name": "padding", "default": "VALID" },
      { "name": "ksize_h", "default": 1 },
      { "name": "ksize_w", "default": 1 },
      { "name": "stride_h", "default": 1 },
      { "name": "stride_w", "default": 1 },
      { "name": "dilation", "default": [1, 1, 1, 1] },
      { "name": "multiplier", "default": 1 },
      { "name": "pad_method", "default": "auto" },
      { "name": "pad", "default": [0, 0, 0, 0] },
      { "name": "pad_h", "default": 0 },
      { "name": "pad_w", "default": 0 },
      { "name": "pad_h_b", "default": 0 },
      { "name": "pad_w_r", "default": 0 }
    ],
    "inputs": [
      { "name": "input" },
      { "name": "weight" }
    ],
    "outputs": [
      { "name": "output" }
    ]
  },
  {
    "name": "depthwise_convolution",
    "category": "Layer",
    "attributes": [
      { "name": "padding_mode", "default": "CONSTANT" },
      { "name": "weights", "default": 1 },
      { "name": "padding", "default": "VALID" },
      { "name": "bias", "default": true },
      { "name": "regularize", "default": false },
      { "name": "ksize_h", "default": 1 },
      { "name": "ksize_w", "default": 1 },
      { "name": "stride_h", "default": 1 },
      { "name": "stride_w", "default": 1 },
      { "name": "dilation", "default": [1, 1, 1, 1] },
      { "name": "multiplier", "default": 1 },
      { "name": "pad_method", "default": "auto" },
      { "name": "pad", "default": [0, 0, 0, 0] },
      { "name": "pad_h", "default": 0 },
      { "name": "pad_w", "default": 0 },
      { "name": "pad_h_b", "default": 0 },
      { "name": "pad_w_r", "default": 0 }
    ],
    "inputs": [
      { "name": "input" }
    ],
    "constants": [
      { "name": "weight" },
      { "name": "bias" }
    ],
    "outputs": [
      { "name": "output" }
    ]
  },
  {
    "name": "dequantize",
    "category": "Quantization",
    "inputs": [
      { "name": "input" }
    ],
    "outputs": [
      { "name": "output" }
    ]
  },
  {
    "name": "detectionevaluate",
    "inputs": [
      { "name": "input0" },
      { "name": "input1" }
    ],
    "outputs": [
      { "name": "output0" },
      { "name": "output1" },
      { "name": "output2" },
      { "name": "output3" },
      { "name": "output4" }
    ]
  },
  {
    "name": "detectionoutput",
    "inputs": [
      { "name": "input0" },
      { "name": "input1" },
      { "name": "input2" }
    ],
    "outputs": [
      { "name": "output" }
    ]
  },
  {
    "name": "digit_capsule",
    "attributes": [
      { "name": "num_output", "default": 1 },
      { "name": "vec_len", "default": 1 },
      { "name": "iterations", "default": 3 }
    ],
    "inputs": [
      { "name": "input" }
    ],
    "constants": [
      { "name": "weight" }
    ],
    "outputs": [
      { "name": "output" }
    ]
  },
  {
    "name": "Divide",
    "inputs": [
      { "name": "dividend" },
      { "name": "divisor" }
    ],
    "outputs": [
      { "name": "output" }
    ]
  },
  {
    "name": "dropout",
    "category": "Dropout",
    "attributes": [
      { "name": "ratio", "default": 0.5 },
      { "name": "scale_train", "default": false }
    ],
    "inputs": [
      { "name": "input" }
    ],
    "outputs": [
      { "name": "output" }
    ]
  },
  {
    "name": "dropout2",
    "category": "Dropout",
    "attributes": [
      { "name": "ratio", "default": 0.5 },
      { "name": "scale_train", "default": false }
    ],
    "inputs": [
      { "name": "input" }
    ],
    "outputs": [
      { "name": "output" }
    ]
  },
  {
    "name": "dtype_converter",
    "inputs": [
      { "name": "input" }
    ],
    "outputs": [
      { "name": "output" }
    ]
  },
  {
    "name": "einsum",
    "attributes": [
      { "name": "equation", "default": "" }
    ],
    "outputs": [
      { "name": "output" }
    ]
  },
  {
    "name": "eltwise",
    "attributes": [
      { "name": "operation", "default": "SUM" },
      { "name": "coeff", "default": "1.0" }
    ],
    "outputs": [
      { "name": "output" }
    ]
  },
  {
    "name": "elu",
    "category": "Activation",
    "attributes": [
      { "name": "alpha", "default": 1.0 }
    ],
    "inputs": [
      { "name": "input" }
    ],
    "outputs": [
      { "name": "output" }
    ]
  },
  {
    "name": "embedding_lookup",
    "attributes": [
      { "name": "partition_strategy", "default": "mod" }
    ],
    "inputs": [
      { "name": "input" }
    ],
    "constants": [
      { "name": "embedding_params" }
    ],
    "outputs": [
      { "name": "output" }
    ]
  },
  {
    "name": "equal",
    "inputs": [
      { "name": "input0" },
      { "name": "input1" }
    ],
    "outputs": [
      { "name": "output" }
    ]
  },
  {
    "name": "erf",
    "category": "Activation",
    "inputs": [
      { "name": "input" }
    ],
    "outputs": [
      { "name": "output" }
    ]
  },
  {
    "name": "exp",
    "inputs": [
      { "name": "input" }
    ],
    "outputs": [
      { "name": "output" }
    ]
  },
  {
    "name": "expand_broadcast",
    "attributes": [
      { "name": "shape", "default": [] }
    ],
    "inputs": [
      { "name": "input0" },
      { "name": "input1" }
    ],
    "outputs": [
      { "name": "output" }
    ]
  },
  {
    "name": "ExpandDims",
    "category": "Shape",
    "attributes": [
      { "name": "dim", "default": 0 }
    ],
    "inputs": [
      { "name": "input" }
    ],
    "outputs": [
      { "name": "output" }
    ]
  },
  {
    "name": "fill",
    "inputs": [
      { "name": "input" },
      { "name": "fill_value" }
    ],
    "outputs": [
      { "name": "output" }
    ]
  },
  {
    "name": "flatten",
    "category": "Shape",
    "attributes": [
      { "name": "axis", "default": 1 }
    ],
    "inputs": [
      { "name": "input" }
    ],
    "outputs": [
      { "name": "output" }
    ]
  },
  {
    "name": "floor",
    "inputs": [
      { "name": "input" }
    ],
    "outputs": [
      { "name": "output" }
    ]
  },
  {
    "name": "floor_div",
    "inputs": [
      { "name": "input0" },
      { "name": "input1" }
    ],
    "outputs": [
      { "name": "output" }
    ]
  },
  {
    "name": "fullconnect",
    "category": "Layer",
    "attributes": [
      { "name": "weights", "default": 1 },
      { "name": "bias", "default": true },
      { "name": "regularize", "default": false },
      { "name": "axis", "default": 1 }
    ],
    "inputs": [
      { "name": "input" }
    ],
    "constants": [
      { "name": "weight" },
      { "name": "bias" }
    ],
    "outputs": [
      { "name": "output" }
    ]
  },
  {
    "name": "fullconnect_op",
    "category": "Layer",
    "attributes": [
      { "name": "weights", "default": 1 },
      { "name": "bias", "default": true },
      { "name": "axis", "default": 1 }
    ],
    "inputs": [
      { "name": "input" },
      { "name": "weights" }
    ],
    "constants": [
      { "name": "bias" }
    ],
    "outputs": [
      { "name": "output" }
    ]
  },
  {
    "name": "gru",
    "category": "Layer",
    "attributes": [
      { "name": "num_units", "default": 1 },
      { "name": "time_major", "default": true },
      { "name": "activation", "default": "tanh" },
      { "name": "recurrent_activation", "default": "sigmoid" },
      { "name": "return_sequences", "default": true },
      { "name": "reset_after", "default": true },
      { "name": "implementation", "default": 2 }
    ],
    "inputs": [
      { "name": "input" },
      { "name": "hidden_states" }
    ],
    "constants": [
      { "name": "k_iz" },
      { "name": "k_ir" },
      { "name": "k_ih" },
      { "name": "k_rz" },
      { "name": "k_rr" },
      { "name": "k_rh" },
      { "name": "b_iz" },
      { "name": "b_ir" },
      { "name": "b_ih" },
      { "name": "b_rz" },
      { "name": "b_rr" },
      { "name": "b_rh" }
    ],
    "outputs": [
      { "name": "output" },
      { "name": "hidden_states" }
    ]
  },
  {
    "name": "gru_cell",
    "category": "Layer",
    "attributes": [
      { "name": "num_units", "default": 1 },
      { "name": "activation", "default": "tanh" },
      { "name": "recurrent_activation", "default": "sigmoid" },
      { "name": "reset_after", "default": true },
      { "name": "implementation", "default": 2 }
    ],
    "inputs": [
      { "name": "input" },
      { "name": "hidden_states" }
    ],
    "constants": [
      { "name": "k_iz" },
      { "name": "k_ir" },
      { "name": "k_ih" },
      { "name": "k_rz" },
      { "name": "k_rr" },
      { "name": "k_rh" },
      { "name": "b_iz" },
      { "name": "b_ir" },
      { "name": "b_ih" },
      { "name": "b_rz" },
      { "name": "b_rr" },
      { "name": "b_rh" }
    ],
    "outputs": [
      { "name": "output" },
      { "name": "hidden_states" }
    ]
  },
  {
    "name": "gather",
    "category": "Transform",
    "attributes": [
      { "name": "axis", "default": 0 },
      { "name": "batch_dims", "default": null }
    ],
    "inputs": [
      { "name": "input0" },
      { "name": "input1" }
    ],
    "outputs": [
      { "name": "output" }
    ]
  },
  {
    "name": "gather_elements",
    "attributes": [
      { "name": "axis", "default": 0 }
    ],
    "inputs": [
      { "name": "input0" },
      { "name": "input1" }
    ],
    "outputs": [
      { "name": "output" }
    ]
  },
  {
    "name": "gathernd",
    "attributes": [
      { "name": "batch_dims", "default": 0 }
    ],
    "inputs": [
      { "name": "input0" },
      { "name": "input1" }
    ],
    "outputs": [
      { "name": "output" }
    ]
  },
  {
    "name": "gelu",
    "category": "Activation",
    "attributes": [
      { "name": "approximate", "default": false }
    ],
    "inputs": [
      { "name": "input" }
    ],
    "outputs": [
      { "name": "output" }
    ]
  },
  {
    "name": "greater",
    "inputs": [
      { "name": "input0" },
      { "name": "input1" }
    ],
    "outputs": [
      { "name": "output" }
    ]
  },
  {
    "name": "greater_equal",
    "inputs": [
      { "name": "input0" },
      { "name": "input1" }
    ],
    "outputs": [
      { "name": "output" }
    ]
  },
  {
    "name": "gridsample",
    "attributes": [
      { "name": "mode", "default": "bilinear" },
      { "name": "padding_mode", "default": "zeros" },
      { "name": "align_corners", "default": false }
    ],
    "inputs": [
      { "name": "input0" },
      { "name": "input1" }
    ],
    "outputs": [
      { "name": "output" }
    ]
  },
  {
    "name": "group_conv1d",
    "category": "Layer",
    "attributes": [
      { "name": "padding_mode", "default": "CONSTANT" },
      { "name": "weights", "default": 1 },
      { "name": "padding", "default": "VALID" },
      { "name": "bias", "default": true },
      { "name": "group_number", "default": 2 },
      { "name": "ksize", "default": 1 },
      { "name": "stride", "default": 1 },
      { "name": "pad_method", "default": "auto" },
      { "name": "pad", "default": [0, 0] },
      { "name": "dilation", "default": [1, 1, 1] }
    ],
    "inputs": [
      { "name": "input" }
    ],
    "constants": [
      { "name": "weight" },
      { "name": "bias" }
    ],
    "outputs": [
      { "name": "output" }
    ]
  },
  {
    "name": "groupnormalize",
    "category": "Normalization",
    "attributes": [
      { "name": "eps", "default": 0.0001 },
      { "name": "num_groups", "default": 1 }
    ],
    "inputs": [
      { "name": "input" }
    ],
    "constants": [
      { "name": "bias" },
      { "name": "scale" }
    ],
    "outputs": [
      { "name": "output" }
    ]
  },
  {
    "name": "hammingwindow",
    "attributes": [
      { "name": "out_data_type", "default": 1 },
      { "name": "periodic", "default": 1 }
    ],
    "inputs": [
      { "name": "input" }
    ],
    "outputs": [
      { "name": "output" }
    ]
  },
  {
    "name": "hannwindow",
    "attributes": [
      { "name": "out_data_type", "default": 1 },
      { "name": "periodic", "default": 1 }
    ],
    "inputs": [
      { "name": "input" }
    ],
    "outputs": [
      { "name": "output" }
    ]
  },
  {
    "name": "hard_sigmoid",
    "category": "Activation",
    "attributes": [
      { "name": "alpha", "default": 0.2 },
      { "name": "beta", "default": 0.5 }
    ],
    "inputs": [
      { "name": "input" }
    ],
    "outputs": [
      { "name": "output" }
    ]
  },
  {
    "name": "hard_swish",
    "category": "Activation",
    "inputs": [
      { "name": "input" }
    ],
    "outputs": [
      { "name": "output" }
    ]
  },
  {
    "name": "image_resize",
    "attributes": [
      { "name": "type", "default": "bilinear" },
      { "name": "new_size", "default": [] },
      { "name": "align_corners", "default": false },
      { "name": "half_pixel", "default": false },
      { "name": "size_factors", "default": null },
      { "name": "layout", "default": null }
    ],
    "inputs": [
      { "name": "input0" },
      { "name": "input1" }
    ],
    "outputs": [
      { "name": "output" }
    ]
  },
  {
    "name": "image_transform",
    "inputs": [
      { "name": "input" }
    ],
    "outputs": [
      { "name": "output" }
    ]
  },
  {
    "name": "in_topk",
    "attributes": [
      { "name": "topk", "default": 1 }
    ],
    "inputs": [
      { "name": "input0" },
      { "name": "input1" }
    ],
    "outputs": [
      { "name": "output" }
    ]
  },
  {
    "name": "input",
    "attributes": [
      { "name": "size", "default": "" },
      { "name": "channels", "default": 1 },
      { "name": "shape", "default": [] },
      { "name": "is_scalar", "default": false },
      { "name": "type", "default": "float32" },
      { "name": "merge_permute", "default": false }
    ],
    "inputs": [
      { "name": "input" }
    ],
    "outputs": [
      { "name": "output" }
    ]
  },
  {
    "name": "instancenormalize",
    "category": "Normalization",
    "attributes": [
      { "name": "eps", "default": 0.0001 },
      { "name": "axis", "default": [] }
    ],
    "inputs": [
      { "name": "input" }
    ],
    "constants": [
      { "name": "bias" },
      { "name": "scale" }
    ],
    "outputs": [
      { "name": "output" }
    ]
  },
  {
    "name": "inverse_sigmoid",
    "category": "Activation",
    "attributes": [
      { "name": "eps", "default": 1e-05 }
    ],
    "inputs": [
      { "name": "input" }
    ],
    "outputs": [
      { "name": "output" }
    ]
  },
  {
    "name": "keras_rnn_lstm",
    "category": "Layer",
    "attributes": [
      { "name": "cell", "default": null },
      { "name": "go_backwards", "default": false },
      { "name": "return_sequences", "default": false },
      { "name": "return_state", "default": false },
      { "name": "stateful", "default": false },
      { "name": "unroll", "default": false }
    ],
    "inputs": [
      { "name": "input" }
    ],
    "constants": [
      { "name": "kernel" },
      { "name": "recurrent_kernel" },
      { "name": "bias" }
    ]
  },
  {
    "name": "l1_layernormalize",
    "category": "Normalization",
    "attributes": [
      { "name": "axis", "default": -1 },
      { "name": "eps", "default": 0.0001 }
    ],
    "inputs": [
      { "name": "input" }
    ],
    "constants": [
      { "name": "scale" },
      { "name": "bias" },
      { "name": "gamma" }
    ],
    "outputs": [
      { "name": "output" }
    ]
  },
  {
    "name": "l2normalize",
    "category": "Normalization",
    "attributes": [
      { "name": "l2n_dim", "default": null },
      { "name": "eps", "default": 1e-12 }
    ],
    "inputs": [
      { "name": "input" }
    ],
    "outputs": [
      { "name": "output" }
    ]
  },
  {
    "name": "l2normalizescale",
    "category": "Normalization",
    "attributes": [
      { "name": "l2n_dim", "default": null },
      { "name": "eps", "default": 1e-12 }
    ],
    "inputs": [
      { "name": "input" }
    ],
    "constants": [
      { "name": "scale" }
    ],
    "outputs": [
      { "name": "output" }
    ]
  },
  {
    "name": "l2pooling",
    "category": "Pool",
    "attributes": [
      { "name": "padding", "default": "VALID" },
      { "name": "type", "default": "MAX" },
      { "name": "global_pooling", "default": false },
      { "name": "ksize_h", "default": 1 },
      { "name": "ksize_w", "default": 1 },
      { "name": "stride_h", "default": 1 },
      { "name": "stride_w", "default": 1 },
      { "name": "pad_h", "default": 0 },
      { "name": "pad_w", "default": 0 },
      { "name": "round_type", "default": "ceil" },
      { "name": "pad_method", "default": "auto" },
      { "name": "pad", "default": [0, 0, 0, 0] },
      { "name": "pad_h_b", "default": 0 },
      { "name": "pad_w_r", "default": 0 },
      { "name": "count_include_pad", "default": 1 },
      { "name": "dilation", "default": [1, 1, 1, 1] }
    ],
    "inputs": [
      { "name": "input" }
    ],
    "outputs": [
      { "name": "output" }
    ]
  },
  {
    "name": "lstm",
    "category": "Layer",
    "attributes": [
      { "name": "weights", "default": 1 },
      { "name": "time_major", "default": true },
      { "name": "forget_bias", "default": 1.0 },
      { "name": "activation", "default": "tanh" },
      { "name": "use_layer_norm_lstm", "default": false },
      { "name": "use_cifg", "default": false },
      { "name": "use_peepholes", "default": false },
      { "name": "num_proj", "default": null },
      { "name": "cell_clip", "default": 0.0 },
      { "name": "proj_clip", "default": 0.0 },
      { "name": "recurrent_activation", "default": "sigmoid" },
      { "name": "return_sequences", "default": true },
      { "name": "peephole", "default": true }
    ],
    "inputs": [
      { "name": "input" },
      { "name": "hidden_states" },
      { "name": "cell_states" }
    ],
    "constants": [
      { "name": "wi" },
      { "name": "wf" },
      { "name": "wc" },
      { "name": "wo" },
      { "name": "hi" },
      { "name": "hf" },
      { "name": "hc" },
      { "name": "ho" },
      { "name": "bi" },
      { "name": "bf" },
      { "name": "bc" },
      { "name": "bo" },
      { "name": "wp" },
      { "name": "bp" },
      { "name": "ci" },
      { "name": "cf" },
      { "name": "co" },
      { "name": "ln_i" },
      { "name": "ln_f" },
      { "name": "ln_c" },
      { "name": "ln_o" }
    ],
    "outputs": [
      { "name": "output" },
      { "name": "hidden_states" },
      { "name": "cell_states" }
    ]
  },
  {
    "name": "lstm_base",
    "category": "Layer",
    "inputs": [
      { "name": "input" },
      { "name": "hidden_states" },
      { "name": "cell_states" }
    ],
    "constants": [
      { "name": "wi" },
      { "name": "wf" },
      { "name": "wc" },
      { "name": "wo" },
      { "name": "hi" },
      { "name": "hf" },
      { "name": "hc" },
      { "name": "ho" },
      { "name": "bi" },
      { "name": "bf" },
      { "name": "bc" },
      { "name": "bo" },
      { "name": "wp" },
      { "name": "bp" },
      { "name": "ci" },
      { "name": "cf" },
      { "name": "co" },
      { "name": "ln_i" },
      { "name": "ln_f" },
      { "name": "ln_c" },
      { "name": "ln_o" }
    ],
    "outputs": [
      { "name": "output" },
      { "name": "hidden_states" },
      { "name": "cell_states" }
    ]
  },
  {
    "name": "lstmunit",
    "category": "Layer",
    "attributes": [
      { "name": "weights", "default": 1 },
      { "name": "num_proj", "default": null },
      { "name": "forget_bias", "default": 1.0 },
      { "name": "cell_clip", "default": 0.0 },
      { "name": "proj_clip", "default": 0.0 },
      { "name": "activation", "default": "tanh" },
      { "name": "use_layer_norm_lstm", "default": false },
      { "name": "use_cifg", "default": false },
      { "name": "use_peepholes", "default": false }
    ],
    "inputs": [
      { "name": "input" },
      { "name": "hidden_states" },
      { "name": "cell_states" }
    ],
    "constants": [
      { "name": "wi" },
      { "name": "wf" },
      { "name": "wc" },
      { "name": "wo" },
      { "name": "hi" },
      { "name": "hf" },
      { "name": "hc" },
      { "name": "ho" },
      { "name": "bi" },
      { "name": "bf" },
      { "name": "bc" },
      { "name": "bo" },
      { "name": "wp" },
      { "name": "bp" },
      { "name": "ci" },
      { "name": "cf" },
      { "name": "co" },
      { "name": "ln_i" },
      { "name": "ln_f" },
      { "name": "ln_c" },
      { "name": "ln_o" }
    ],
    "outputs": [
      { "name": "output" },
      { "name": "hidden_states" },
      { "name": "cell_states" }
    ]
  },
  {
    "name": "lstm_keras",
    "category": "Layer",
    "attributes": [
      { "name": "units", "default": 1 },
      { "name": "activation", "default": "tanh" },
      { "name": "recurrent_activation", "default": "hard_sigmoid" },
      { "name": "use_bias", "default": true },
      { "name": "return_sequences", "default": false },
      { "name": "return_state", "default": false },
      { "name": "go_backwards", "default": false },
      { "name": "stateful", "default": false }
    ],
    "inputs": [
      { "name": "input" }
    ],
    "constants": [
      { "name": "kernel" },
      { "name": "recurrent_kernel" },
      { "name": "bias" }
    ]
  },
  {
    "name": "layernormalize",
    "category": "Normalization",
    "attributes": [
      { "name": "axis_list", "default": [-1] },
      { "name": "eps", "default": 0.0001 }
    ],
    "inputs": [
      { "name": "input" }
    ],
    "constants": [
      { "name": "bias" },
      { "name": "scale" }
    ],
    "outputs": [
      { "name": "output" }
    ]
  },
  {
    "name": "leakyrelu",
    "category": "Activation",
    "attributes": [
      { "name": "leaky_ratio", "default": 0.1 }
    ],
    "inputs": [
      { "name": "input" }
    ],
    "outputs": [
      { "name": "output" }
    ]
  },
  {
    "name": "less",
    "inputs": [
      { "name": "input0" },
      { "name": "input1" }
    ],
    "outputs": [
      { "name": "output" }
    ]
  },
  {
    "name": "less_equal",
    "inputs": [
      { "name": "input0" },
      { "name": "input1" }
    ],
    "outputs": [
      { "name": "output" }
    ]
  },
  {
    "name": "LocalResponseNormalization",
    "category": "Normalization",
    "attributes": [
      { "name": "local_size", "default": 1 },
      { "name": "bias", "default": 2.0 },
      { "name": "alpha", "default": 0.0001 },
      { "name": "beta", "default": 0.75 },
      { "name": "type", "default": "NORM_ACROSS_CHANNELS" }
    ],
    "inputs": [
      { "name": "input" }
    ],
    "outputs": [
      { "name": "output" }
    ]
  },
  {
    "name": "LocalResponseNormalization_tf",
    "category": "Normalization",
    "attributes": [
      { "name": "local_size", "default": 1 },
      { "name": "bias", "default": 2.0 },
      { "name": "alpha", "default": 0.0001 },
      { "name": "beta", "default": 0.75 },
      { "name": "type", "default": "NORM_ACROSS_CHANNELS" }
    ],
    "inputs": [
      { "name": "input" }
    ],
    "outputs": [
      { "name": "output" }
    ]
  },
  {
    "name": "log",
    "inputs": [
      { "name": "input" }
    ],
    "outputs": [
      { "name": "output" }
    ]
  },
  {
    "name": "log_softmax",
    "category": "Activation",
    "attributes": [
      { "name": "sf_axis", "default": -1 }
    ],
    "inputs": [
      { "name": "input" }
    ],
    "outputs": [
      { "name": "output" }
    ]
  },
  {
    "name": "logical_and",
    "inputs": [
      { "name": "input0" },
      { "name": "input1" }
    ],
    "outputs": [
      { "name": "output" }
    ]
  },
  {
    "name": "logical_not",
    "inputs": [
      { "name": "input" }
    ],
    "outputs": [
      { "name": "output" }
    ]
  },
  {
    "name": "logical_or",
    "inputs": [
      { "name": "input0" },
      { "name": "input1" }
    ],
    "outputs": [
      { "name": "output" }
    ]
  },
  {
    "name": "logical_xor",
    "inputs": [
      { "name": "input0" },
      { "name": "input1" }
    ],
    "outputs": [
      { "name": "output" }
    ]
  },
  {
    "name": "loop",
    "attributes": [
      { "name": "body", "default": null },
      { "name": "max_iterations", "default": null }
    ]
  },
  {
    "name": "margin_loss_layer",
    "attributes": [
      { "name": "margin", "default": 0.4 },
      { "name": "downweight", "default": 0.5 }
    ],
    "inputs": [
      { "name": "input0" },
      { "name": "input1" }
    ],
    "outputs": [
      { "name": "output" }
    ]
  },
  {
    "name": "mat_inverse",
    "attributes": [
      { "name": "adjoint", "default": false }
    ],
    "inputs": [
      { "name": "input" }
    ],
    "outputs": [
      { "name": "output" }
    ]
  },
  {
    "name": "matmul",
    "attributes": [
      { "name": "transpose_a", "default": false },
      { "name": "transpose_b", "default": false }
    ],
    "inputs": [
      { "name": "a" },
      { "name": "b" }
    ],
    "outputs": [
      { "name": "c" }
    ]
  },
  {
    "name": "minimum",
    "inputs": [
      { "name": "input0" },
      { "name": "input1" }
    ],
    "outputs": [
      { "name": "output" }
    ]
  },
  {
    "name": "minimum_with_clip",
    "attributes": [
      { "name": "clip", "default": 1.0 }
    ],
    "inputs": [
      { "name": "input" }
    ],
    "outputs": [
      { "name": "output" }
    ]
  },
  {
    "name": "mish",
    "category": "Activation",
    "inputs": [
      { "name": "input" }
    ],
    "outputs": [
      { "name": "output" }
    ]
  },
  {
    "name": "mod",
    "attributes": [
      { "name": "fmod", "default": 0 }
    ],
    "inputs": [
      { "name": "input" },
      { "name": "mod" }
    ],
    "outputs": [
      { "name": "output" }
    ]
  },
  {
    "name": "moments",
    "attributes": [
      { "name": "axis_list", "default": [] },
      { "name": "keep_dims", "default": true }
    ],
    "inputs": [
      { "name": "input" }
    ],
    "outputs": [
      { "name": "mean" },
      { "name": "variance" }
    ]
  },
  {
    "name": "multiply",
    "attributes": [
      { "name": "axis", "default": 1 },
      { "name": "bias", "default": false }
    ],
    "constants": [
      { "name": "scale" },
      { "name": "bias" }
    ],
    "outputs": [
      { "name": "output" }
    ]
  },
  {
    "name": "nms",
    "attributes": [
      { "name": "max_output_size", "default": 100 },
      { "name": "iou_threshold", "default": 0.5 },
      { "name": "score_threshold", "default": 0.5 },
      { "name": "soft_nms_sigma", "default": 0.0 },
      { "name": "pad_to_max_output_size", "default": true }
    ],
    "inputs": [
      { "name": "input0" },
      { "name": "input1" }
    ],
    "outputs": [
      { "name": "output0" },
      { "name": "output1" },
      { "name": "output2" }
    ]
  },
  {
    "name": "noop",
    "inputs": [
      { "name": "input" }
    ],
    "outputs": [
      { "name": "output" }
    ]
  },
  {
    "name": "nce_loss",
    "attributes": [
      { "name": "num_sampled", "default": 1 },
      { "name": "num_classes", "default": 1 }
    ],
    "inputs": [
      { "name": "input0" },
      { "name": "input1" }
    ],
    "constants": [
      { "name": "weight" },
      { "name": "bias" }
    ],
    "outputs": [
      { "name": "output" }
    ]
  },
  {
    "name": "neg",
    "inputs": [
      { "name": "input" }
    ],
    "outputs": [
      { "name": "output" }
    ]
  },
  {
    "name": "nonzero",
    "attributes": [
      { "name": "output_type", "default": "int64" }
    ],
    "inputs": [
      { "name": "input" }
    ],
    "outputs": [
      { "name": "output" }
    ]
  },
  {
    "name": "noop_multi_out",
    "inputs": [
      { "name": "input" }
    ]
  },
  {
    "name": "norm_with_channel_mean",
    "category": "Normalization",
    "attributes": [
      { "name": "mean", "default": [] }
    ],
    "inputs": [
      { "name": "input" }
    ],
    "outputs": [
      { "name": "output" }
    ]
  },
  {
    "name": "norm_with_min_max",
    "category": "Normalization",
    "attributes": [
      { "name": "min_value", "default": 0.0 },
      { "name": "max_value", "default": 1.0 }
    ],
    "inputs": [
      { "name": "input" }
    ],
    "outputs": [
      { "name": "output" }
    ]
  },
  {
    "name": "norm_with_scale",
    "category": "Normalization",
    "attributes": [
      { "name": "scale", "default": 1.0 }
    ],
    "inputs": [
      { "name": "input" }
    ],
    "outputs": [
      { "name": "output" }
    ]
  },
  {
    "name": "not_equal",
    "inputs": [
      { "name": "input0" },
      { "name": "input1" }
    ],
    "outputs": [
      { "name": "output" }
    ]
  },
  {
    "name": "one_hot",
    "attributes": [
      { "name": "depth", "default": 1 },
      { "name": "on_value", "default": 1 },
      { "name": "off_value", "default": 0 },
      { "name": "axis", "default": -1 },
      { "name": "dtype", "default": "float32" }
    ],
    "inputs": [
      { "name": "input" }
    ],
    "outputs": [
      { "name": "output" }
    ]
  },
  {
    "name": "output",
    "attributes": [
      { "name": "merge_permute", "default": false }
    ],
    "inputs": [
      { "name": "input" }
    ],
    "outputs": [
      { "name": "output" }
    ]
  },
  {
    "name": "prelu",
    "category": "Activation",
    "inputs": [
      { "name": "input" }
    ],
    "constants": [
      { "name": "a" }
    ],
    "outputs": [
      { "name": "output" }
    ]
  },
  {
    "name": "pad",
    "attributes": [
      { "name": "padding_value", "default": [] },
      { "name": "padding_mode", "default": "CONSTANT" },
      { "name": "padding_const", "default": 0 }
    ],
    "inputs": [
      { "name": "input" },
      { "name": "pad_value" }
    ],
    "outputs": [
      { "name": "output" }
    ]
  },
  {
    "name": "permute",
    "attributes": [
      { "name": "perm", "default": [0] }
    ],
    "inputs": [
      { "name": "input" }
    ],
    "outputs": [
      { "name": "output" }
    ]
  },
  {
    "name": "pooling",
    "category": "Pool",
    "attributes": [
      { "name": "padding", "default": "VALID" },
      { "name": "type", "default": "MAX" },
      { "name": "global_pooling", "default": false },
      { "name": "ksize_h", "default": 1 },
      { "name": "ksize_w", "default": 1 },
      { "name": "stride_h", "default": 1 },
      { "name": "stride_w", "default": 1 },
      { "name": "pad_h", "default": 0 },
      { "name": "pad_w", "default": 0 },
      { "name": "round_type", "default": "ceil" },
      { "name": "pad_method", "default": "auto" },
      { "name": "pad", "default": [0, 0, 0, 0] },
      { "name": "pad_h_b", "default": 0 },
      { "name": "pad_w_r", "default": 0 },
      { "name": "count_include_pad", "default": 1 },
      { "name": "dilation", "default": [1, 1, 1, 1] }
    ],
    "inputs": [
      { "name": "input" }
    ],
    "outputs": [
      { "name": "output" }
    ]
  },
  {
    "name": "pool1d",
    "category": "Pool",
    "attributes": [
      { "name": "padding", "default": "VALID" },
      { "name": "type", "default": "MAX" },
      { "name": "global_pooling", "default": false },
      { "name": "ksize", "default": 1 },
      { "name": "stride", "default": 1 },
      { "name": "round_type", "default": "ceil" },
      { "name": "pad_method", "default": "auto" },
      { "name": "pad", "default": [0, 0] },
      { "name": "dilation", "default": 1 }
    ],
    "inputs": [
      { "name": "input" }
    ],
    "outputs": [
      { "name": "output" }
    ]
  },
  {
    "name": "pool3d",
    "category": "Pool",
    "attributes": [
      { "name": "padding", "default": "VALID" },
      { "name": "type", "default": "MAX" },
      { "name": "global_pooling", "default": false },
      { "name": "ksize_d", "default": 1 },
      { "name": "ksize_h", "default": 1 },
      { "name": "ksize_w", "default": 1 },
      { "name": "stride_d", "default": 1 },
      { "name": "stride_h", "default": 1 },
      { "name": "stride_w", "default": 1 },
      { "name": "pad_d", "default": 0 },
      { "name": "pad_h", "default": 0 },
      { "name": "pad_w", "default": 0 },
      { "name": "round_type", "default": "floor" },
      { "name": "pad_method", "default": "auto" },
      { "name": "pad", "default": [0, 0, 0, 0, 0, 0] },
      { "name": "count_include_pad", "default": 0 },
      { "name": "dilation", "default": [1, 1, 1, 1, 1] }
    ],
    "inputs": [
      { "name": "input" }
    ],
    "outputs": [
      { "name": "output" }
    ]
  },
  {
    "name": "poolwithargmax",
    "category": "Pool",
    "attributes": [
      { "name": "padding", "default": "VALID" },
      { "name": "type", "default": "MAX" },
      { "name": "global_pooling", "default": false },
      { "name": "ksize_h", "default": 1 },
      { "name": "ksize_w", "default": 1 },
      { "name": "stride_h", "default": 1 },
      { "name": "stride_w", "default": 1 },
      { "name": "pad_h", "default": 0 },
      { "name": "pad_w", "default": 0 },
      { "name": "round_type", "default": "ceil" },
      { "name": "pad_method", "default": "auto" },
      { "name": "pad", "default": [0, 0, 0, 0] },
      { "name": "pad_h_b", "default": 0 },
      { "name": "pad_w_r", "default": 0 },
      { "name": "count_include_pad", "default": 1 },
      { "name": "dilation", "default": [1, 1, 1, 1] }
    ],
    "inputs": [
      { "name": "input" }
    ],
    "outputs": [
      { "name": "output0" },
      { "name": "output1" }
    ]
  },
  {
    "name": "pow",
    "inputs": [
      { "name": "input0" },
      { "name": "input1" }
    ],
    "outputs": [
      { "name": "output" }
    ]
  },
  {
    "name": "preprocess",
    "attributes": [
      { "name": "type", "default": "VSI_NN_OP_PRE_PROCESS_RGB" },
      { "name": "left", "default": 0 },
      { "name": "top", "default": 0 },
      { "name": "width", "default": 244 },
      { "name": "height", "default": 224 },
      { "name": "mean", "default": [0, 0, 0] },
      { "name": "scale", "default": 1 },
      { "name": "perm", "default": [0, 1, 2, 3] },
      { "name": "in_dim_num", "default": 4 },
      { "name": "out_dim_num", "default": 4 },
      { "name": "out_size", "default": [224, 224, 3, 1] },
      { "name": "reverse_channel", "default": 1 }
    ],
    "inputs": [
      { "name": "input" }
    ],
    "outputs": [
      { "name": "output" }
    ]
  },
  {
    "name": "primary_capsule",
    "attributes": [
      { "name": "num_output", "default": 1 },
      { "name": "vec_len", "default": 1 },
      { "name": "strides", "default": [1, 1] },
      { "name": "ksize", "default": [1, 1] },
      { "name": "padding", "default": "SAME" }
    ],
    "inputs": [
      { "name": "input" }
    ],
    "constants": [
      { "name": "weight" }
    ],
    "outputs": [
      { "name": "output" }
    ]
  },
  {
    "name": "priorbox",
    "attributes": [
      { "name": "mini_size", "default": "" },
      { "name": "max_size", "default": "" },
      { "name": "aspect_ratio", "default": "" },
      { "name": "flip", "default": "" },
      { "name": "clip", "default": "" },
      { "name": "variance", "default": "0.1" },
      { "name": "image_size", "default": 0 },
      { "name": "image_h", "default": 0 },
      { "name": "image_w", "default": 0 },
      { "name": "step", "default": 0.0 },
      { "name": "step_h", "default": 0.0 },
      { "name": "step_w", "default": 0.0 },
      { "name": "offset", "default": 0.5 }
    ],
    "inputs": [
      { "name": "input0" },
      { "name": "input1" }
    ],
    "outputs": [
      { "name": "output" }
    ]
  },
  {
    "name": "Proposal",
    "attributes": [
      { "name": "feat_stride", "default": 16 },
      { "name": "anchor_scales", "default": "8 16 32" },
      { "name": "anchor_ratios", "default": "0.5 1 2" },
      { "name": "anchor_base_size", "default": 16 },
      { "name": "pre_nms_top_n", "default": 6000 },
      { "name": "post_nms_top_n", "default": 300 },
      { "name": "nms_thresh", "default": 0.7 },
      { "name": "min_size", "default": 16 },
      { "name": "im_info", "default": "800 600 1 1" },
      { "name": "has_bg", "default": true },
      { "name": "dynamic", "default": false }
    ],
    "inputs": [
      { "name": "input0" },
      { "name": "input1" }
    ],
    "outputs": [
      { "name": "output0" },
      { "name": "output1" }
    ]
  },
  {
    "name": "quantize",
    "category": "Quantization",
    "inputs": [
      { "name": "input" }
    ],
    "outputs": [
      { "name": "output" }
    ]
  },
  {
    "name": "rmsnormalize",
    "category": "Normalization",
    "attributes": [
      { "name": "axis", "default": -1 },
      { "name": "eps", "default": 0.0001 }
    ],
    "inputs": [
      { "name": "input" }
    ],
    "constants": [
      { "name": "scale" }
    ],
    "outputs": [
      { "name": "output" }
    ]
  },
  {
    "name": "roipooling",
    "category": "Pool",
    "attributes": [
      { "name": "pooled_h", "default": 6 },
      { "name": "pooled_w", "default": 6 },
      { "name": "spatial_scale", "default": 0.0625 },
      { "name": "sampling_ratio", "default": 0.0 }
    ],
    "inputs": [
      { "name": "input0" },
      { "name": "input1" }
    ],
    "outputs": [
      { "name": "output" }
    ]
  },
  {
    "name": "range",
    "attributes": [
      { "name": "start", "default": 0 },
      { "name": "limit", "default": -1 },
      { "name": "delta", "default": 1 },
      { "name": "dtype", "default": "int32" }
    ],
    "inputs": [
      { "name": "input0" },
      { "name": "input1" },
      { "name": "input2" }
    ],
    "outputs": [
      { "name": "output" }
    ]
  },
  {
    "name": "rank",
    "inputs": [
      { "name": "input" }
    ],
    "outputs": [
      { "name": "output" }
    ]
  },
  {
    "name": "reorg",
    "attributes": [
      { "name": "stride", "default": 2 }
    ],
    "inputs": [
      { "name": "input" }
    ],
    "outputs": [
      { "name": "output" }
    ]
  },
  {
    "name": "real_div",
    "inputs": [
      { "name": "input0" },
      { "name": "input1" }
    ],
    "outputs": [
      { "name": "output" }
    ]
  },
  {
    "name": "reconstruction_loss",
    "attributes": [
      { "name": "balance_factor", "default": 0.0005 }
    ],
    "inputs": [
      { "name": "input0" },
      { "name": "input1" }
    ],
    "outputs": [
      { "name": "output" }
    ]
  },
  {
    "name": "recurrent",
    "category": "Layer",
    "inputs": [
      { "name": "input" }
    ],
    "outputs": [
      { "name": "output" }
    ]
  },
  {
    "name": "reduceany",
    "attributes": [
      { "name": "axis_list", "default": null },
      { "name": "keep_dims", "default": false }
    ],
    "inputs": [
      { "name": "input" }
    ],
    "outputs": [
      { "name": "output" }
    ]
  },
  {
    "name": "reducel2",
    "attributes": [
      { "name": "axis_list", "default": [] },
      { "name": "keep_dims", "default": true }
    ],
    "inputs": [
      { "name": "input" }
    ],
    "outputs": [
      { "name": "output" }
    ]
  },
  {
    "name": "reducemax",
    "attributes": [
      { "name": "axis_list", "default": null },
      { "name": "keep_dims", "default": false }
    ],
    "inputs": [
      { "name": "input" }
    ],
    "outputs": [
      { "name": "output" }
    ]
  },
  {
    "name": "reducemean",
    "attributes": [
      { "name": "axis_list", "default": null },
      { "name": "keep_dims", "default": false }
    ],
    "inputs": [
      { "name": "input" }
    ],
    "outputs": [
      { "name": "output" }
    ]
  },
  {
    "name": "reducemin",
    "attributes": [
      { "name": "axis_list", "default": null },
      { "name": "keep_dims", "default": false }
    ],
    "inputs": [
      { "name": "input" }
    ],
    "outputs": [
      { "name": "output" }
    ]
  },
  {
    "name": "reduceprod",
    "attributes": [
      { "name": "axis_list", "default": [] },
      { "name": "keep_dims", "default": false }
    ],
    "inputs": [
      { "name": "input" }
    ],
    "outputs": [
      { "name": "output" }
    ]
  },
  {
    "name": "reducesum",
    "attributes": [
      { "name": "axis_list", "default": [] },
      { "name": "keep_dims", "default": false }
    ],
    "inputs": [
      { "name": "input" }
    ],
    "outputs": [
      { "name": "output" }
    ]
  },
  {
    "name": "region",
    "inputs": [
      { "name": "input" }
    ],
    "outputs": [
      { "name": "output" }
    ]
  },
  {
    "name": "relu",
    "category": "Activation",
    "inputs": [
      { "name": "input" }
    ],
    "outputs": [
      { "name": "output" }
    ]
  },
  {
    "name": "relun",
    "category": "Activation",
    "attributes": [
      { "name": "relu_clamp_top", "default": "inf" },
      { "name": "relu_clamp_bottom", "default": 0 }
    ],
    "inputs": [
      { "name": "input" }
    ],
    "outputs": [
      { "name": "output" }
    ]
  },
  {
    "name": "relu_keras",
    "category": "Activation",
    "attributes": [
      { "name": "alpha", "default": 0.0 },
      { "name": "max_value", "default": "inf" },
      { "name": "threshold", "default": 0.0 }
    ],
    "inputs": [
      { "name": "input" }
    ],
    "outputs": [
      { "name": "output" }
    ]
  },
  {
    "name": "repeat",
    "attributes": [
      { "name": "maxlen", "default": 0 },
      { "name": "axis", "default": null }
    ],
    "inputs": [
      { "name": "input" },
      { "name": "times" }
    ],
    "outputs": [
      { "name": "output" }
    ]
  },
  {
    "name": "reshape",
    "category": "Shape",
    "attributes": [
      { "name": "shape", "default": [] }
    ],
    "inputs": [
      { "name": "input" },
      { "name": "new_shape" }
    ],
    "outputs": [
      { "name": "output" }
    ]
  },
  {
    "name": "resizebilinear_image",
    "attributes": [
      { "name": "new_size", "default": [] },
      { "name": "align_corners", "default": false }
    ],
    "inputs": [
      { "name": "input" }
    ],
    "outputs": [
      { "name": "output" }
    ]
  },
  {
    "name": "resizenearest_image",
    "attributes": [
      { "name": "new_size", "default": [] },
      { "name": "align_corners", "default": false }
    ],
    "inputs": [
      { "name": "input" }
    ],
    "outputs": [
      { "name": "output" }
    ]
  },
  {
    "name": "reverse",
    "attributes": [
      { "name": "axis", "default": [] }
    ],
    "inputs": [
      { "name": "input" }
    ],
    "outputs": [
      { "name": "output" }
    ]
  },
  {
    "name": "reverse_sequence",
    "attributes": [
      { "name": "seq_axis", "default": 1 },
      { "name": "batch_axis", "default": 2 }
    ],
    "inputs": [
      { "name": "input" },
      { "name": "seq_lengths" }
    ],
    "outputs": [
      { "name": "output" }
    ]
  },
  {
    "name": "round",
    "inputs": [
      { "name": "input" }
    ],
    "outputs": [
      { "name": "output" }
    ]
  },
  {
    "name": "route_train",
    "outputs": [
      { "name": "output" }
    ]
  },
  {
    "name": "rsqrt",
    "inputs": [
      { "name": "input" }
    ],
    "outputs": [
      { "name": "output" }
    ]
  },
  {
    "name": "stft",
    "attributes": [
      { "name": "onesided", "default": "1" }
    ],
    "inputs": [
      { "name": "signal" },
      { "name": "step" },
      { "name": "window" },
      { "name": "length" }
    ],
    "outputs": [
      { "name": "output" }
    ]
  },
  {
    "name": "svdf",
    "attributes": [
      { "name": "rank", "default": 1 },
      { "name": "num_units", "default": 1 },
      { "name": "spectrogram_length", "default": 1 }
    ],
    "inputs": [
      { "name": "input" },
      { "name": "state" }
    ],
    "constants": [
      { "name": "weights_feature" },
      { "name": "weights_time" },
      { "name": "bias" }
    ],
    "outputs": [
      { "name": "output" }
    ]
  },
  {
    "name": "space2batch",
    "attributes": [
      { "name": "block_shape", "default": [2, 2] },
      { "name": "block_paddings", "default": [[0, 0], [0, 0]] }
    ],
    "inputs": [
      { "name": "input" }
    ],
    "outputs": [
      { "name": "output" }
    ]
  },
  {
    "name": "space2batch_op",
    "attributes": [
      { "name": "block_shape", "default": [2] },
      { "name": "block_paddings", "default": [[0, 1]] }
    ],
    "inputs": [
      { "name": "input0" },
      { "name": "block_paddings" }
    ],
    "outputs": [
      { "name": "output" }
    ]
  },
  {
    "name": "space2depth",
    "attributes": [
      { "name": "block_size", "default": [] }
    ],
    "inputs": [
      { "name": "input" }
    ],
    "outputs": [
      { "name": "output" }
    ]
  },
  {
    "name": "scatter_elements",
    "attributes": [
      { "name": "axis", "default": 0 },
      { "name": "reduction", "default": "none" }
    ],
    "inputs": [
      { "name": "data" },
      { "name": "indices" },
      { "name": "updates" }
    ],
    "outputs": [
      { "name": "output" }
    ]
  },
  {
    "name": "scatternd",
    "attributes": [
      { "name": "shape", "default": [] }
    ],
    "inputs": [
      { "name": "indices" },
      { "name": "updates" }
    ],
    "outputs": [
      { "name": "output" }
    ]
  },
  {
    "name": "scatter_nd_update",
    "attributes": [
      { "name": "reduction", "default": "none" }
    ],
    "inputs": [
      { "name": "input" },
      { "name": "indices" },
      { "name": "updates" }
    ],
    "outputs": [
      { "name": "output" }
    ]
  },
  {
    "name": "segment_sum",
    "attributes": [
      { "name": "segment_ids", "default": [] }
    ],
    "inputs": [
      { "name": "input" }
    ],
    "outputs": [
      { "name": "output" }
    ]
  },
  {
    "name": "selu",
    "category": "Activation",
    "attributes": [
      { "name": "alpha", "default": 1.68 },
      { "name": "gamma", "default": 1.0 }
    ],
    "inputs": [
      { "name": "input" }
    ],
    "outputs": [
      { "name": "output" }
    ]
  },
  {
    "name": "sequence_mask",
    "attributes": [
      { "name": "maxlen", "default": 50 },
      { "name": "dtype", "default": "bool" }
    ],
    "inputs": [
      { "name": "input" },
      { "name": "seq" }
    ],
    "outputs": [
      { "name": "output" }
    ]
  },
  {
    "name": "shapelayer",
    "attributes": [
      { "name": "out_type", "default": "int32" }
    ],
    "inputs": [
      { "name": "input" }
    ],
    "outputs": [
      { "name": "output" }
    ]
  },
  {
    "name": "shuffle",
    "attributes": [
      { "name": "group_number", "default": 1 }
    ],
    "inputs": [
      { "name": "input" }
    ],
    "outputs": [
      { "name": "output" }
    ]
  },
  {
    "name": "sigmoid",
    "category": "Activation",
    "inputs": [
      { "name": "input" }
    ],
    "outputs": [
      { "name": "output" }
    ]
  },
  {
    "name": "sign",
    "inputs": [
      { "name": "input" }
    ],
    "outputs": [
      { "name": "output" }
    ]
  },
  {
    "name": "signalframe",
    "attributes": [
      { "name": "frame_length", "default": 0 },
      { "name": "frame_step", "default": 0 },
      { "name": "pad_end", "default": false },
      { "name": "pad_value", "default": 0 },
      { "name": "axis", "default": -1 }
    ],
    "inputs": [
      { "name": "input" }
    ],
    "outputs": [
      { "name": "output" }
    ]
  },
  {
    "name": "simplernn_keras",
    "attributes": [
      { "name": "units", "default": 1 },
      { "name": "activation", "default": "tanh" },
      { "name": "use_bias", "default": true },
      { "name": "return_sequences", "default": false },
      { "name": "return_state", "default": false },
      { "name": "go_backwards", "default": false },
      { "name": "stateful", "default": false }
    ],
    "inputs": [
      { "name": "input" }
    ],
    "constants": [
      { "name": "kernel" },
      { "name": "recurrent_kernel" },
      { "name": "bias" }
    ]
  },
  {
    "name": "sin",
    "inputs": [
      { "name": "input" }
    ],
    "outputs": [
      { "name": "output" }
    ]
  },
  {
    "name": "size",
    "attributes": [
      { "name": "out_type", "default": "int32" }
    ],
    "inputs": [
      { "name": "input" }
    ],
    "outputs": [
      { "name": "output" }
    ]
  },
  {
    "name": "slice",
    "category": "Tensor",
    "attributes": [
      { "name": "begin", "default": [] },
      { "name": "size", "default": [] }
    ],
    "inputs": [
      { "name": "input" },
      { "name": "begin" },
      { "name": "size" }
    ],
    "outputs": [
      { "name": "output" }
    ]
  },
  {
    "name": "slice_op",
    "attributes": [
      { "name": "axes", "default": [] },
      { "name": "steps", "default": [] }
    ],
    "inputs": [
      { "name": "input" },
      { "name": "starts" },
      { "name": "ends" },
      { "name": "axes" },
      { "name": "steps" }
    ],
    "outputs": [
      { "name": "output" }
    ]
  },
  {
    "name": "softmax",
    "category": "Activation",
    "attributes": [
      { "name": "sf_axis", "default": -1 },
      { "name": "beta", "default": 1.0 }
    ],
    "inputs": [
      { "name": "input" }
    ],
    "outputs": [
      { "name": "output" }
    ]
  },
  {
    "name": "softrelu",
    "category": "Activation",
    "inputs": [
      { "name": "input" }
    ],
    "outputs": [
      { "name": "output" }
    ]
  },
  {
    "name": "softmax_with_logits_loss_layer",
    "category": "Activation",
    "inputs": [
      { "name": "input0" },
      { "name": "input1" }
    ],
    "outputs": [
      { "name": "output" }
    ]
  },
  {
    "name": "sparse_to_dense",
    "attributes": [
      { "name": "output_shape", "default": [] },
      { "name": "default_value", "default": 0 },
      { "name": "validate_indices", "default": true }
    ],
    "inputs": [
      { "name": "sparse_indices" },
      { "name": "sparse_value" }
    ],
    "outputs": [
      { "name": "output" }
    ]
  },
  {
    "name": "split",
    "category": "Tensor",
    "attributes": [
      { "name": "dim", "default": 1 },
      { "name": "slices", "default": [] },
      { "name": "slices_tf", "default": [] },
      { "name": "unstack", "default": false }
    ],
    "inputs": [
      { "name": "input" }
    ]
  },
  {
    "name": "sqrt",
    "inputs": [
      { "name": "input" }
    ],
    "outputs": [
      { "name": "output" }
    ]
  },
  {
    "name": "square",
    "inputs": [
      { "name": "input" }
    ],
    "outputs": [
      { "name": "output" }
    ]
  },
  {
    "name": "squared_difference",
    "inputs": [
      { "name": "input0" },
      { "name": "input1" }
    ],
    "outputs": [
      { "name": "output" }
    ]
  },
  {
    "name": "squashing",
    "category": "Reduce",
    "inputs": [
      { "name": "input" }
    ],
    "outputs": [
      { "name": "output" }
    ]
  },
  {
    "name": "squeeze",
    "category": "Shape",
    "attributes": [
      { "name": "axis_list", "default": null },
      { "name": "name", "default": null }
    ],
    "inputs": [
      { "name": "input" }
    ],
    "outputs": [
      { "name": "output" }
    ]
  },
  {
    "name": "stack",
    "attributes": [
      { "name": "axis", "default": 0 }
    ],
    "outputs": [
      { "name": "output" }
    ]
  },
  {
    "name": "stack_concat",
    "attributes": [
      { "name": "shape", "default": [1, 32, 256] },
      { "name": "axis", "default": 1 }
    ],
    "inputs": [
      { "name": "input" },
      { "name": "index" },
      { "name": "state" }
    ],
    "outputs": [
      { "name": "output" },
      { "name": "state" }
    ]
  },
  {
    "name": "stridedslice",
    "attributes": [
      { "name": "slice_begin_mask", "default": 0 },
      { "name": "slice_end_mask", "default": 0 },
      { "name": "slice_ellipsis_mask", "default": 0 },
      { "name": "slice_new_axis_mask", "default": 0 },
      { "name": "slice_shrink_axis_mask", "default": 0 },
      { "name": "slice_begin", "default": [] },
      { "name": "slice_end", "default": [] },
      { "name": "slice_strides", "default": [] }
    ],
    "inputs": [
      { "name": "input0" },
      { "name": "slice_begin" },
      { "name": "slice_end" },
      { "name": "slice_strides" }
    ],
    "outputs": [
      { "name": "output" }
    ]
  },
  {
    "name": "subgraph",
    "attributes": [
      { "name": "sg_argv", "default": "" },
      { "name": "sg_func", "default": "" },
      { "name": "sg_out_shapes", "default": "" },
      { "name": "sg_graph_buffer", "default": "" },
      { "name": "sg_input_nodes", "default": "" },
      { "name": "sg_output_nodes", "default": "" }
    ]
  },
  {
    "name": "Subtract",
    "inputs": [
      { "name": "input0" },
      { "name": "input1" }
    ],
    "outputs": [
      { "name": "output" }
    ]
  },
  {
    "name": "swish",
    "attributes": [
      { "name": "beta", "default": 1.0 }
    ],
    "inputs": [
      { "name": "input" }
    ],
    "outputs": [
      { "name": "output" }
    ]
  },
  {
    "name": "tan",
    "inputs": [
      { "name": "input" }
    ],
    "outputs": [
      { "name": "output" }
    ]
  },
  {
    "name": "tanh",
    "attributes": [
      { "name": "hyperbolic_tan_scale_a", "default": 1.0 },
      { "name": "hyperbolic_tan_scale_b", "default": 1.0 }
    ],
    "inputs": [
      { "name": "input" }
    ],
    "outputs": [
      { "name": "output" }
    ]
  },
  {
    "name": "tile",
    "attributes": [
      { "name": "multiples", "default": [] }
    ],
    "inputs": [
      { "name": "input0" },
      { "name": "repeats" }
    ],
    "outputs": [
      { "name": "output" }
    ]
  },
  {
    "name": "topk",
    "attributes": [
      { "name": "k", "default": 1 },
      { "name": "axis", "default": -1 }
    ],
    "inputs": [
      { "name": "input" },
      { "name": "k" }
    ],
    "outputs": [
      { "name": "output0" },
      { "name": "output1" }
    ]
  },
  {
    "name": "topk_score",
    "attributes": [
      { "name": "topk", "default": 1 }
    ],
    "inputs": [
      { "name": "input" }
    ],
    "outputs": [
      { "name": "output0" },
      { "name": "output1" }
    ]
  },
  {
    "name": "transform_unit",
    "attributes": [
      { "name": "heads_num", "default": 1 },
      { "name": "axis_list", "default": [-1] },
      { "name": "eps", "default": 0.0001 },
      { "name": "shape", "default": [] },
      { "name": "fc_weights", "default": 1 },
      { "name": "fc_bias", "default": true },
      { "name": "fc_regularize", "default": false },
      { "name": "fc_axis", "default": 1 },
      { "name": "shape_1", "default": [] },
      { "name": "dim", "default": 1 },
      { "name": "slices", "default": [] },
      { "name": "slices_tf", "default": [] },
      { "name": "unstack", "default": false },
      { "name": "shape_Q", "default": [] },
      { "name": "shape_K", "default": [] },
      { "name": "shape_V", "default": [] },
      { "name": "perm_Q", "default": [0] },
      { "name": "perm_K", "default": [0] },
      { "name": "perm_V", "default": [0] },
      { "name": "transpose_a", "default": false },
      { "name": "transpose_b", "default": false },
      { "name": "mul_axis", "default": 1 },
      { "name": "mul_bias", "default": true },
      { "name": "sf_axis", "default": -1 },
      { "name": "beta", "default": 1.0 },
      { "name": "transpose_a_1", "default": false },
      { "name": "transpose_b_1", "default": false },
      { "name": "perm", "default": [0] },
      { "name": "shape_2", "default": [] },
      { "name": "shape_3", "default": [] },
      { "name": "fc2_weights", "default": 1 },
      { "name": "fc2_bias", "default": true },
      { "name": "fc2_regularize", "default": false },
      { "name": "fc2_axis", "default": 1 },
      { "name": "shape_4", "default": [] },
      { "name": "ln2_axis_list", "default": [-1] },
      { "name": "ln2_eps", "default": 0.0001 },
      { "name": "shape_5", "default": [] },
      { "name": "fc3_weights", "default": 1 },
      { "name": "fc3_bias", "default": true },
      { "name": "fc3_regularize", "default": false },
      { "name": "fc3_axis", "default": 1 },
      { "name": "shape_6", "default": [] },
      { "name": "approximate", "default": false },
      { "name": "shape_7", "default": [] },
      { "name": "fc4_weights", "default": 1 },
      { "name": "fc4_bias", "default": true },
      { "name": "fc4_regularize", "default": false },
      { "name": "fc4_axis", "default": 1 },
      { "name": "shape_8", "default": [] }
    ],
    "inputs": [
      { "name": "input0" },
      { "name": "input1" }
    ],
    "constants": [
      { "name": "ln_scale" },
      { "name": "ln_bias" },
      { "name": "fc_weight" },
      { "name": "fc_bias" },
      { "name": "fc2_weight" },
      { "name": "fc2_bias" },
      { "name": "ln2_scale" },
      { "name": "ln2_bias" },
      { "name": "fc3_weight" },
      { "name": "fc3_bias" },
      { "name": "fc4_weight" },
      { "name": "fc4_bias" }
    ],
    "outputs": [
      { "name": "output" }
    ]
  },
  {
    "name": "unstack",
    "attributes": [
      { "name": "axis", "default": 1 }
    ],
    "inputs": [
      { "name": "input" }
    ]
  },
  {
    "name": "upsampling3d",
    "attributes": [
      { "name": "size", "default": true }
    ],
    "inputs": [
      { "name": "input" }
    ],
    "outputs": [
      { "name": "output" }
    ]
  },
  {
    "name": "upsampling",
    "attributes": [
      { "name": "factor", "default": 2 }
    ],
    "inputs": [
      { "name": "input" }
    ],
    "outputs": [
      { "name": "output" }
    ]
  },
  {
    "name": "variable",
    "category": "Data",
    "attributes": [
      { "name": "shape", "default": [1] },
      { "name": "is_scalar", "default": false },
      { "name": "type", "default": "float32" }
    ],
    "inputs": [
      { "name": "input" }
    ],
    "constants": [
      { "name": "data" }
    ],
    "outputs": [
      { "name": "output" }
    ]
  },
  {
    "name": "where",
    "inputs": [
      { "name": "input0" },
      { "name": "input1" },
      { "name": "input2" }
    ],
    "outputs": [
      { "name": "output" }
    ]
  },
  {
    "name": "while_loop",
    "attributes": [
      { "name": "cond", "default": null },
      { "name": "body", "default": null },
      { "name": "max_iterations", "default": null }
    ]
  },
  {
    "name": "yolo",
    "inputs": [
      { "name": "input" }
    ],
    "outputs": [
      { "name": "output" }
    ]
  },
  {
    "name": "yoloprocess",
    "outputs": [
      { "name": "output" }
    ]
  },
  {
    "name": "zeros_like",
    "inputs": [
      { "name": "input" }
    ],
    "outputs": [
      { "name": "output" }
    ]
  },
  {
    "name": "conv2d_winograd",
    "category": "Layer",
    "attributes": [
      { "name": "padding_mode", "default": "CONSTANT" },
      { "name": "weights", "default": 1 },
      { "name": "padding", "default": "VALID" },
      { "name": "bias", "default": true },
      { "name": "group_number", "default": 1 },
      { "name": "regularize", "default": false },
      { "name": "ksize_h", "default": 1 },
      { "name": "ksize_w", "default": 1 },
      { "name": "stride_h", "default": 1 },
      { "name": "stride_w", "default": 1 },
      { "name": "pad_h", "default": 0 },
      { "name": "pad_w", "default": 0 },
      { "name": "dilation", "default": [1, 1, 1, 1] },
      { "name": "pad_method", "default": "auto" },
      { "name": "pad", "default": [0, 0, 0, 0] },
      { "name": "pad_h_b", "default": 0 },
      { "name": "pad_w_r", "default": 0 },
      { "name": "multiplier", "default": 0 },
      { "name": "wino_n", "default": 2 }
    ],
    "inputs": [
      { "name": "input" }
    ],
    "constants": [
      { "name": "weight" },
      { "name": "bias" },
      { "name": "AT" },
      { "name": "G" },
      { "name": "BT" }
    ],
    "outputs": [
      { "name": "output" }
    ]
  },
  {
    "name": "postprocess",
    "attributes": [
      { "name": "perm", "default": [0, 1, 2, 3] },
      { "name": "dim_num", "default": 4 }
    ],
    "inputs": [
      { "name": "input" }
    ],
    "outputs": [
      { "name": "output" }
    ]
  }
]