[
  {
    "name": "Abs",
    "identifier": 8
  },
  {
    "name": "Acos",
    "identifier": 82
  },
  {
    "name": "Asin",
    "identifier": 81
  },
  {
    "name": "Asinh",
    "identifier": 86
  },
  {
    "name": "Assign",
    "identifier": 73
  },
  {
    "name": "Atan",
    "identifier": 96
  },
  {
    "name": "Atanh",
    "identifier": 85
  },
  {
    "name": "AveragePooling",
    "category": "Pool",
    "inputs": [
      { "name": "input" }
    ],
    "outputs": [
      { "name": "output" }
    ]
  },
  {
    "name": "BatchNormalization",
    "identifier": 40,
    "category": "Normalization",
    "attributes": [
      { "name": "disableRegularization", "default": false },
      { "name": "useCuDNNEngine", "visible": false },
      { "name": "useCntkEngine", "visible": false },
      { "name": "runCountUntied", "visible": false },
      { "name": "epsilon", "default": 0.00001 },
      { "name": "normalizationTimeConstant", "default": 0 },
      { "name": "disableRegularization", "default": false },
      { "name": "blendTimeConstant", "default": 0 },
      { "name": "imageLayoutKind", "type": "ImageLayoutKind", "visible": false }
    ],
    "inputs": [
      { "name": "input" },
      { "name": "scale" },
      { "name": "bias" },
      { "name": "mean" },
      { "name": "variance" },
      { "name": "count" }
    ],
    "outputs": [
      { "name": "output" }
    ]
  },
  {
    "name": "Block",
    "identifier": 57
  },
  {
    "name": "Cast",
    "identifier": 91
  },
  {
    "name": "ClassificationError",
    "identifier": 36,
    "outputs": [
      { "name": "output" }
    ]
  },
  {
    "name": "Clip",
    "identifier": 41
  },
  {
    "name": "Combine",
    "identifier": 44,
    "category": "Tensor",
    "inputs": [
      { "name": "inputs", "type": "Tensor[]" }
    ],
    "outputs": [
      { "name": "output" }
    ]
  },
  {
    "name": "ConstantOp",
    "identifier": 89
  },
  {
    "name": "Convolution",
    "identifier": 33,
    "category": "Layer",
    "attributes": [
      { "name": "transpose", "default": false },
      { "name": "maxTempMemSizeInSamples", "default": 0 },
      { "name": "dilation", "default": [   1,   null ] },
      { "name": "outputShape", "default": 0 },
      { "name": "sharing", "default": [   true,   null ] },
      { "name": "strides", "default": [   1,   null ] },
      { "name": "includePad", "default": false },
      { "name": "ceilOutDim", "default": false },
      { "name": "autoPadding", "default": [   true,   null ] },
      { "name": "lowerPad", "default": [   0,   null ] },
      { "name": "upperPad", "default": [   0,   null ] },
      { "name": "convolution2D", "visible": false },
      { "name": "poolKind", "type": "PoolKind", "default": "None" },
      { "name": "imageLayoutKind", "type": "ImageLayoutKind", "visible": false }
    ],
    "inputs": [
      { "name": "input" },
      { "name": "W" },
      { "name": "b" }
    ],
    "outputs": [
      { "name": "output" }
    ]
  },
  {
    "name": "ConvolutionSequenceShape",
    "identifier": 97
  },
  {
    "name": "Cos",
    "identifier": 55
  },
  {
    "name": "CosDistance",
    "identifier": 53
  },
  {
    "name": "CosDistanceWithNegativeSamples",
    "identifier": 67
  },
  {
    "name": "Cosh",
    "identifier": 78
  },
  {
    "name": "Crop",
    "identifier": 84,
    "category": "Data"
  },
  {
    "name": "CrossEntropyWithSoftmax",
    "identifier": 35,
    "outputs": [
      { "name": "output" }
    ]
  },
  {
    "name": "CustomProxyOp",
    "identifier": 93
  },
  {
    "name": "Dropout",
    "identifier": 15,
    "category": "Dropout",
    "attributes": [
      { "name": "rngSeed", "visible": false },
      { "name": "rngOffset", "visible": false }
    ],
    "inputs": [
      { "name": "input" }
    ],
    "outputs": [
      { "name": "output" }
    ]
  },
  {
    "name": "EditDistanceError",
    "identifier": 61
  },
  {
    "name": "ElementTimes",
    "identifier": 21,
    "inputs": [
      { "name": "A" },
      { "name": "B" }
    ],
    "outputs": [
      { "name": "C" }
    ]
  },
  {
    "name": "ELU",
    "identifier": 65
  },
  {
    "name": "Equal",
    "identifier": 22,
    "inputs": [
      { "name": "A" },
      { "name": "B" }
    ],
    "outputs": [
      { "name": "C" }
    ]
  },
  {
    "name": "Exp",
    "identifier": 4,
    "inputs": [
      { "name": "input" }
    ],
    "outputs": [
      { "name": "output" }
    ]
  },
  {
    "name": "EyeLikeOp",
    "identifier": 92
  },
  {
    "name": "Floor",
    "identifier": 7,
    "inputs": [
      { "name": "input" }
    ],
    "outputs": [
      { "name": "output" }
    ]
  },
  {
    "name": "ForwardBackward",
    "identifier": 66
  },
  {
    "name": "FutureValue",
    "identifier": 38,
    "attributes": [
      { "name": "offset", "type": "uint32", "default": 1 }
    ],
    "inputs": [
      { "name": "input" },
      { "name": "initialState" }
    ],
    "outputs": [
      { "name": "output" }
    ]
  },
  {
    "name": "Gather",
    "identifier": 74,
    "category": "Transform"
  },
  {
    "name": "GatherPacked",
    "identifier": 29,
    "inputs": [
      { "name": "index" },
      { "name": "source" }
    ],
    "outputs": [
      { "name": "output" }
    ]
  },
  {
    "name": "Greater",
    "identifier": 26,
    "inputs": [
      { "name": "A" },
      { "name": "B" }
    ],
    "outputs": [
      { "name": "C" }
    ]
  },
  {
    "name": "GreaterEqual",
    "identifier": 27,
    "inputs": [
      { "name": "A" },
      { "name": "B" }
    ],
    "outputs": [
      { "name": "C" }
    ]
  },
  {
    "name": "Hardmax",
    "identifier": 11,
    "category": "Activation"
  },
  {
    "name": "InvStdDev",
    "inputs": [
      { "name": "input" }
    ],
    "outputs": [
      { "name": "output" }
    ]
  },
  {
    "name": "LabelsToGraph",
    "identifier": 63
  },
  {
    "name": "LambdaRank",
    "identifier": 59
  },
  {
    "name": "LatticeSequenceWithSoftmax",
    "identifier": 90
  },
  {
    "name": "Less",
    "identifier": 24,
    "inputs": [
      { "name": "A" },
      { "name": "B" }
    ],
    "outputs": [
      { "name": "C" }
    ]
  },
  {
    "name": "LessEqual",
    "identifier": 25,
    "inputs": [
      { "name": "A" },
      { "name": "B" }
    ],
    "outputs": [
      { "name": "C" }
    ]
  },
  {
    "name": "Log",
    "identifier": 5,
    "inputs": [
      { "name": "input" }
    ],
    "outputs": [
      { "name": "output" }
    ]
  },
  {
    "name": "Logistic",
    "identifier": 48
  },
  {
    "name": "LogPlus",
    "identifier": 52
  },
  {
    "name": "LogSoftmax",
    "identifier": 51
  },
  {
    "name": "MaxPooling",
    "category": "Pool",
    "inputs": [
      { "name": "input" }
    ],
    "outputs": [
      { "name": "output" }
    ]
  },
  {
    "name": "Mean",
    "inputs": [
      { "name": "input" }
    ],
    "outputs": [
      { "name": "output" }
    ]
  },
  {
    "name": "Minus",
    "identifier": 20,
    "inputs": [
      { "name": "A" },
      { "name": "B" }
    ],
    "outputs": [
      { "name": "C" }
    ]
  },
  {
    "name": "NDCG",
    "identifier": 60
  },
  {
    "name": "Negate",
    "identifier": 0,
    "inputs": [
      { "name": "input" }
    ],
    "outputs": [
      { "name": "output" }
    ]
  },
  {
    "name": "NoOp",
    "identifier": 62,
    "inputs": [
      { "name": "input" }
    ],
    "outputs": [
      { "name": "output" }
    ]
  },
  {
    "name": "NotEqual",
    "identifier": 23,
    "inputs": [
      { "name": "A" },
      { "name": "B" }
    ],
    "outputs": [
      { "name": "C" }
    ]
  },
  {
    "name": "OneHot",
    "identifier": 68
  },
  {
    "name": "OptimizedRNNStack",
    "identifier": 49
  },
  {
    "name": "PackedIndex",
    "identifier": 28,
    "inputs": [
      { "name": "source" },
      { "name": "index" }
    ],
    "outputs": [
      { "name": "output" }
    ]
  },
  {
    "name": "Pad",
    "identifier": 83,
    "category": "Tensor",
    "inputs": [
      { "name": "input" }
    ],
    "outputs": [
      { "name": "output" }
    ]
  },
  {
    "name": "Pass",
    "identifier": 56
  },
  {
    "name": "PastValue",
    "identifier": 37,
    "attributes": [
      { "name": "offset", "type": "uint32", "default": 1 }
    ],
    "inputs": [
      { "name": "input" },
      { "name": "initialState" }
    ],
    "outputs": [
      { "name": "output" }
    ]
  },
  {
    "name": "Plus",
    "identifier": 19,
    "inputs": [
      { "name": "A" },
      { "name": "B" }
    ],
    "outputs": [
      { "name": "C" }
    ]
  },
  {
    "name": "Pooling",
    "identifier": 17,
    "category": "Pool",
    "attributes": [
      { "name": "transpose", "default": false },
      { "name": "includePad", "default": false },
      { "name": "ceilOutDim", "default": false },
      { "name": "autoPadding", "default": [   false,   null ] },
      { "name": "sharing", "default": [   true,   null ] },
      { "name": "strides", "default": [   1,   null ] },
      { "name": "lowerPad", "default": [   0,   null ] },
      { "name": "upperPad", "default": [   0,   null ] },
      { "name": "outputShape", "default": 0 },
      { "name": "maxTempMemSizeInSamples", "default": 0 },
      { "name": "poolingType", "type": "PoolingType", "default": "Max" },
      { "name": "poolKind", "type": "PoolKind", "default": "None" },
      { "name": "imageLayoutKind", "type": "ImageLayoutKind", "visible": false }
    ],
    "inputs": [
      { "name": "input" }
    ],
    "outputs": [
      { "name": "output" }
    ]
  },
  {
    "name": "Pow",
    "identifier": 69
  },
  {
    "name": "RandomDistribution",
    "identifier": 76
  },
  {
    "name": "RandomSample",
    "identifier": 45
  },
  {
    "name": "RandomSampleInclusionFrequency",
    "identifier": 46
  },
  {
    "name": "Reciprocal",
    "identifier": 9,
    "inputs": [
      { "name": "input" }
    ],
    "outputs": [
      { "name": "output" }
    ]
  },
  {
    "name": "ReconcileDynamicAxis",
    "identifier": 50
  },
  {
    "name": "RectifiedLinear",
    "category": "Activation",
    "inputs": [
      { "name": "input" }
    ],
    "outputs": [
      { "name": "output" }
    ]
  },
  {
    "name": "ReduceElements",
    "identifier": 39,
    "inputs": [
      { "name": "input" }
    ],
    "outputs": [
      { "name": "output" }
    ]
  },
  {
    "name": "ReLU",
    "identifier": 3,
    "category": "Activation",
    "inputs": [
      { "name": "input" }
    ],
    "outputs": [
      { "name": "output" }
    ]
  },
  {
    "name": "Reshape",
    "identifier": 16,
    "category": "Shape",
    "inputs": [
      { "name": "input" }
    ],
    "outputs": [
      { "name": "output" }
    ]
  },
  {
    "name": "ROIPooling",
    "identifier": 47,
    "category": "Pool",
    "attributes": [
      { "name": "spatialScale", "default": 0.0625 },
      { "name": "poolKind", "type": "PoolKind", "default": "None" }
    ],
    "inputs": [
      { "name": "inputs" },
      { "name": "ROIs" }
    ],
    "outputs": [
      { "name": "outputs" }
    ]
  },
  {
    "name": "ScatterPacked",
    "identifier": 30
  },
  {
    "name": "Select",
    "identifier": 42
  },
  {
    "name": "Sigmoid",
    "identifier": 1,
    "category": "Activation",
    "inputs": [
      { "name": "input" }
    ],
    "outputs": [
      { "name": "output" }
    ]
  },
  {
    "name": "Sin",
    "identifier": 54
  },
  {
    "name": "Sinh",
    "identifier": 77
  },
  {
    "name": "Slice",
    "identifier": 14,
    "category": "Tensor",
    "inputs": [
      { "name": "input" },
      { "name": "begin" },
      { "name": "end" }
    ],
    "outputs": [
      { "name": "output" }
    ]
  },
  {
    "name": "Softmax",
    "identifier": 10,
    "category": "Activation",
    "inputs": [
      { "name": "input" }
    ],
    "outputs": [
      { "name": "output" }
    ]
  },
  {
    "name": "Splice",
    "identifier": 43,
    "category": "Tensor",
    "inputs": [
      { "name": "inputs", "type": "Tensor[]" }
    ],
    "outputs": [
      { "name": "output" }
    ]
  },
  {
    "name": "Sqrt",
    "identifier": 6,
    "inputs": [
      { "name": "input" }
    ],
    "outputs": [
      { "name": "output" }
    ]
  },
  {
    "name": "SquaredError",
    "identifier": 34
  },
  {
    "name": "Squeeze",
    "identifier": 88,
    "category": "Transform"
  },
  {
    "name": "StableSigmoid",
    "identifier": 75,
    "category": "Activation",
    "inputs": [
      { "name": "input" }
    ],
    "outputs": [
      { "name": "output" }
    ]
  },
  {
    "name": "StopGradient",
    "identifier": 64
  },
  {
    "name": "StraightThrough",
    "identifier": 94
  },
  {
    "name": "SumAll",
    "identifier": 18
  },
  {
    "name": "Tan",
    "identifier": 95
  },
  {
    "name": "Tanh",
    "identifier": 2,
    "category": "Activation",
    "inputs": [
      { "name": "input" }
    ],
    "outputs": [
      { "name": "output" }
    ]
  },
  {
    "name": "Times",
    "identifier": 31,
    "attributes": [
      { "name": "outputRank", "default": 1 },
      { "name": "inferInputRankToMap", "visible": false, "default": -1 }
    ],
    "inputs": [
      { "name": "A" },
      { "name": "B" }
    ],
    "outputs": [
      { "name": "C" }
    ]
  },
  {
    "name": "ToBatch",
    "identifier": 80
  },
  {
    "name": "TopK",
    "identifier": 87,
    "inputs": [
      { "name": "input" }
    ],
    "outputs": [
      { "name": "output" }
    ]
  },
  {
    "name": "ToSequence",
    "identifier": 70
  },
  {
    "name": "ToSequenceLike",
    "identifier": 71
  },
  {
    "name": "TransposeAxes",
    "identifier": 12,
    "category": "Activation"
  },
  {
    "name": "TransposeDimensions",
    "inputs": [
      { "name": "input" }
    ],
    "outputs": [
      { "name": "output" }
    ]
  },
  {
    "name": "TransposeTimes",
    "identifier": 32
  },
  {
    "name": "UnpackBatch",
    "identifier": 79
  },
  {
    "name": "UnpackSequence",
    "identifier": 72
  },
  {
    "name": "Unpooling",
    "identifier": 58
  },
  {
    "name": "Where",
    "identifier": 13,
    "inputs": [
      { "name": "input" }
    ],
    "outputs": [
      { "name": "output" }
    ]
  }
]