[
  {
    "name": "AbsVal",
    "identifier": 0
  },
  {
    "name": "ArgMax",
    "identifier": 1
  },
  {
    "name": "BatchNorm",
    "identifier": 2,
    "category": "Normalization",
    "attributes": [
      { "name": "channels", "type": "int32", "default": 0 },
      { "name": "eps", "type": "float32", "default": 0 }
    ]
  },
  {
    "name": "Bias",
    "identifier": 3,
    "category": "Layer",
    "attributes": [
      { "name": "bias_data_size", "default": 0, "visible": false }
    ]
  },
  {
    "name": "BinaryOp",
    "identifier": 40,
    "attributes": [
      { "name": "op_type", "type": "BinaryOpType", "default": 0 },
      { "name": "with_scalar", "type": "int32", "default": 0 },
      { "name": "b", "type": "float32", "default": 0 }
    ],
    "inputs": [
      { "name": "inputs", "type": "Tensor[]" }
    ]
  },
  {
    "name": "BNLL",
    "identifier": 4
  },
  {
    "name": "Cast",
    "identifier": 64,
    "attributes": [
      { "name": "type_from", "type": "CastOpType", "default": 0 },
      { "name": "type_to", "type": "CastOpType", "default": 0 }
    ]
  },
  {
    "name": "Clip",
    "identifier": 54,
    "category": "Activation",
    "attributes": [
      { "name": "min", "type": "float32" },
      { "name": "max", "type": "float32" }
    ]
  },
  {
    "name": "Concat",
    "identifier": 5,
    "category": "Tensor",
    "attributes": [
      { "name": "axis", "type": "int32", "default": 0 }
    ],
    "inputs": [
      { "name": "input", "type": "Tensor[]" }
    ],
    "outputs": [
      { "name": "output" }
    ]
  },
  {
    "name": "Convolution",
    "identifier": 6,
    "category": "Layer",
    "attributes": [
      { "name": "num_output", "type": "int32", "default": 0 },
      { "name": "kernel_w", "type": "int32", "default": 0 },
      { "name": "dilation_w", "type": "int32", "default": 1 },
      { "name": "stride_w", "type": "int32", "default": 1 },
      { "name": "pad_left", "type": "int32", "default": 0 },
      { "name": "bias_term", "default": 0, "visible": false },
      { "name": "weight_data_size", "type": "int32", "default": 0, "visible": false },
      { "name": "" },
      { "name": "int8_scale_term", "default": 0 },
      { "name": "activation_type", "default": 0 },
      { "name": "activation_params", "default": [] },
      { "name": "kernel_h", "type": "int32", "default": 0 },
      { "name": "dilation_h", "type": "int32", "default": 1 },
      { "name": "stride_h", "type": "int32", "default": 1 },
      { "name": "pad_top", "type": "int32", "default": 0 },
      { "name": "pad_right", "type": "int32", "default": 0 },
      { "name": "pad_bottom", "type": "int32", "default": 0 },
      { "name": "" },
      { "name": "pad_value", "type": "float32", "default": 0 },
      { "name": "dynamic_weight", "type": "int32", "default": 0 }
    ]
  },
  {
    "name": "Convolution1D",
    "identifier": 81,
    "category": "Layer",
    "attributes": [
      { "name": "num_output", "type": "int32", "default": 0 },
      { "name": "kernel_w", "type": "int32", "default": 0 },
      { "name": "dilation_w", "type": "int32", "default": 1 },
      { "name": "stride_w", "type": "int32", "default": 1 },
      { "name": "pad_left", "type": "int32", "default": 0 },
      { "name": "bias_term", "default": 0, "visible": false },
      { "name": "weight_data_size", "type": "int32", "default": 0, "visible": false },
      { "name": "" },
      { "name": "" },
      { "name": "activation_type", "default": 0 },
      { "name": "activation_params", "default": [] },
      { "name": "" },
      { "name": "" },
      { "name": "" },
      { "name": "" },
      { "name": "pad_right", "type": "int32", "default": 0 },
      { "name": "" },
      { "name": "" },
      { "name": "pad_value", "type": "float32", "default": 0 },
      { "name": "dynamic_weight", "type": "int32", "default": 0 }
    ]
  },
  {
    "name": "Deconvolution1D",
    "category": "Layer",
    "attributes": [
      { "name": "num_output", "type": "int32", "default": 0 },
      { "name": "kernel_w", "type": "int32", "default": 0 },
      { "name": "dilation_w", "type": "int32", "default": 1 },
      { "name": "stride_w", "type": "int32", "default": 1 },
      { "name": "pad_left", "type": "int32", "default": 0 },
      { "name": "bias_term", "default": 0, "visible": false },
      { "name": "weight_data_size", "type": "int32", "default": 0, "visible": false },
      { "name": "" },
      { "name": "" },
      { "name": "activation_type", "default": 0 },
      { "name": "activation_params", "default": [] },
      { "name": "" },
      { "name": "" },
      { "name": "" },
      { "name": "" },
      { "name": "pad_right", "type": "int32", "default": 0 },
      { "name": "" },
      { "name": "" },
      { "name": "output_pad_right", "type": "int32", "default": 0 },
      { "name": "" },
      { "name": "output_w", "type": "int32", "default": 0 }
    ]
  },
  {
    "name": "Convolution3D",
    "identifier": 84,
    "category": "Layer",
    "attributes": [
      { "name": "num_output", "type": "int32", "default": 0 },
      { "name": "kernel_w", "type": "int32", "default": 0 },
      { "name": "dilation_w", "type": "int32", "default": 1 },
      { "name": "stride_w", "type": "int32", "default": 1 },
      { "name": "pad_left", "type": "int32", "default": 0 },
      { "name": "bias_term", "default": 0, "visible": false },
      { "name": "weight_data_size", "type": "int32", "default": 0, "visible": false },
      { "name": "" },
      { "name": "" },
      { "name": "activation_type", "default": 0 },
      { "name": "activation_params", "default": [] },
      { "name": "kernel_h", "type": "int32", "default": 0 },
      { "name": "dilation_h", "type": "int32", "default": 1 },
      { "name": "stride_h", "type": "int32", "default": 1 },
      { "name": "pad_top", "type": "int32", "default": 0 },
      { "name": "pad_right", "type": "int32", "default": 0 },
      { "name": "pad_bottom", "type": "int32", "default": 0 },
      { "name": "pad_behind", "type": "int32", "default": 0 },
      { "name": "pad_value", "type": "float32", "default": 0 },
      { "name": "" },
      { "name": "" },
      { "name": "kernel_d", "type": "int32", "default": 0 },
      { "name": "dilation_d", "type": "int32", "default": 1 },
      { "name": "stride_d", "type": "int32", "default": 1 },
      { "name": "pad_front", "type": "int32", "default": 0 }
    ]
  },
  {
    "name": "ConvolutionDepthWise",
    "identifier": 42,
    "category": "Layer",
    "attributes": [
      { "name": "num_output", "default": 0 },
      { "name": "kernel_w", "default": 0 },
      { "name": "dilation_w", "default": 1 },
      { "name": "stride_w", "default": 1 },
      { "name": "pad_left", "default": 0 },
      { "name": "bias_term", "default": 0, "visible": false },
      { "name": "weight_data_size", "default": 0, "visible": false },
      { "name": "group", "default": 0 },
      { "name": "int8_scale_term", "default": 0 },
      { "name": "activation_type", "default": 0 },
      { "name": "activation_params", "default": [] },
      { "name": "kernel_h", "default": 0 },
      { "name": "dilation_h", "default": 1 },
      { "name": "stride_h", "default": 1 },
      { "name": "pad_top", "type": "int32", "default": 0 },
      { "name": "pad_right", "type": "int32", "default": 0 },
      { "name": "pad_bottom", "type": "int32", "default": 0 },
      { "name": "" },
      { "name": "pad_value", "type": "float32", "default": 0 },
      { "name": "dynamic_weight", "type": "int32", "default": 0 }
    ]
  },
  {
    "name": "ConvolutionDepthWise1D",
    "identifier": 83,
    "category": "Layer",
    "attributes": [
      { "name": "num_output", "default": 0 },
      { "name": "kernel_w", "default": 0 },
      { "name": "dilation_w", "default": 1 },
      { "name": "stride_w", "default": 1 },
      { "name": "pad_left", "default": 0 },
      { "name": "bias_term", "default": 0, "visible": false },
      { "name": "weight_data_size", "default": 0, "visible": false },
      { "name": "group", "default": 0 },
      { "name": "" },
      { "name": "activation_type", "default": 0 },
      { "name": "activation_params", "default": [] },
      { "name": "" },
      { "name": "" },
      { "name": "" },
      { "name": "" },
      { "name": "pad_right", "type": "int32", "default": 0 },
      { "name": "" },
      { "name": "" },
      { "name": "pad_value", "type": "float32", "default": 0 },
      { "name": "dynamic_weight", "type": "int32", "default": 0 }
    ]
  },
  {
    "name": "ConvolutionDepthWise3D",
    "identifier": 85,
    "category": "Layer",
    "attributes": [
      { "name": "num_output", "default": 0 },
      { "name": "kernel_w", "default": 0 },
      { "name": "dilation_w", "default": 1 },
      { "name": "stride_w", "default": 1 },
      { "name": "pad_left", "default": 0 },
      { "name": "bias_term", "default": 0, "visible": false },
      { "name": "weight_data_size", "default": 0, "visible": false },
      { "name": "group", "default": 0 },
      { "name": "" },
      { "name": "activation_type", "default": 0 },
      { "name": "activation_params", "default": [] },
      { "name": "kernel_h", "default": 0 },
      { "name": "dilation_h", "default": 1 },
      { "name": "stride_h", "default": 1 },
      { "name": "pad_top", "type": "int32", "default": 0 },
      { "name": "pad_right", "type": "int32", "default": 0 },
      { "name": "pad_bottom", "type": "int32", "default": 0 },
      { "name": "pad_behind", "type": "int32", "default": 0 },
      { "name": "pad_value", "type": "float32", "default": 0 },
      { "name": "" },
      { "name": "" },
      { "name": "kernel_d", "type": "int32", "default": 0 },
      { "name": "dilation_d", "type": "int32", "default": 1 },
      { "name": "stride_d", "type": "int32", "default": 1 },
      { "name": "pad_front", "type": "int32", "default": 0 }
    ]
  },
  {
    "name": "Crop",
    "identifier": 7,
    "category": "Data",
    "attributes": [
      { "name": "woffset", "default": 0 },
      { "name": "hoffset", "default": 0 },
      { "name": "coffset", "default": 0 },
      { "name": "outw", "default": 0 },
      { "name": "outh", "default": 0 },
      { "name": "outc", "default": 0 },
      { "name": "woffset2", "default": 0 },
      { "name": "hoffset2", "default": 0 },
      { "name": "coffset2", "default": 0 },
      { "name": "starts", "default": [] },
      { "name": "ends", "default": [] },
      { "name": "axes", "default": [] }
    ]
  },
  {
    "name": "Deconvolution",
    "identifier": 8,
    "category": "Layer",
    "attributes": [
      { "name": "num_output", "default": 0 },
      { "name": "kernel_w", "default": 0 },
      { "name": "dilation_w", "default": 1 },
      { "name": "stride_w", "default": 1 },
      { "name": "pad_w", "default": 0 },
      { "name": "bias_term", "default": 0, "visible": false },
      { "name": "weight_data_size", "default": 0, "visible": false },
      { "name": "" },
      { "name": "int8_scale_term", "default": 0 },
      { "name": "activation_type", "default": 0 },
      { "name": "activation_params", "default": [] },
      { "name": "kernel_h", "default": 0 },
      { "name": "dilation_h", "default": 1 },
      { "name": "stride_h", "default": 1 },
      { "name": "pad_top", "default": 0 },
      { "name": "pad_right", "default": 0 },
      { "name": "" },
      { "name": "pad_bottom", "default": 0 },
      { "name": "" },
      { "name": "output_pad_right", "default": 0 },
      { "name": "output_pad_bottom", "default": 0 },
      { "name": "output_w", "default": 0 },
      { "name": "output_h", "default": 0 }
    ]
  },
  {
    "name": "DeconvolutionDepthWise",
    "identifier": 51,
    "category": "Layer",
    "attributes": [
      { "name": "num_output", "default": 0 },
      { "name": "kernel_w", "default": 0 },
      { "name": "dilation_w", "default": 1 },
      { "name": "stride_w", "default": 1 },
      { "name": "pad_w", "default": 0 },
      { "name": "bias_term", "default": 0, "visible": false },
      { "name": "weight_data_size", "default": 0, "visible": false },
      { "name": "group", "default": 0 },
      { "name": "int8_scale_term", "default": 0 },
      { "name": "activation_type", "default": 0 },
      { "name": "activation_params", "default": [] },
      { "name": "kernel_h", "default": 0 },
      { "name": "dilation_h", "default": 1 },
      { "name": "stride_h", "default": 1 },
      { "name": "pad_top", "default": 0 },
      { "name": "pad_right", "default": 0 },
      { "name": "" },
      { "name": "pad_bottom", "default": 0 },
      { "name": "" },
      { "name": "output_pad_right", "default": 0 },
      { "name": "output_pad_bottom", "default": 0 },
      { "name": "output_w", "default": 0 },
      { "name": "output_h", "default": 0 }
    ]
  },
  {
    "name": "DeepCopy",
    "identifier": 70
  },
  {
    "name": "Dequantize",
    "identifier": 58,
    "category": "Quantization",
    "attributes": [
      { "name": "scale_data_size", "default": 1, "visible": false },
      { "name": "bias_data_size", "default": 0, "visible": false }
    ]
  },
  {
    "name": "DetectionOutput",
    "identifier": 49,
    "attributes": [
      { "name": "num_class", "default": 0 },
      { "name": "nms_threshold", "default": 0.05 },
      { "name": "nms_top_k", "default": 300 },
      { "name": "keep_top_k", "default": 100 },
      { "name": "confidence_threshold", "default": 0.5 },
      { "name": "varainces0", "default": 0.1 },
      { "name": "varainces1", "default": 0.1 },
      { "name": "varainces2", "default": 0.2 },
      { "name": "varainces3", "default": 0.2 }
    ]
  },
  {
    "name": "Dropout",
    "identifier": 9,
    "category": "Dropout",
    "attributes": [
      { "name": "scale", "type": "float32", "default": 1 }
    ]
  },
  {
    "name": "Eltwise",
    "identifier": 10,
    "attributes": [
      { "name": "op_type", "type": "EltwiseType", "default": 0 },
      { "name": "coeffs", "default": [] }
    ],
    "inputs": [
      { "name": "inputs", "type": "Tensor[]" }
    ]
  },
  {
    "name": "ELU",
    "identifier": 11,
    "category": "Activation",
    "attributes": [
      { "name": "alpha", "type": "float32", "default": 0.1 }
    ]
  },
  {
    "name": "Embed",
    "identifier": 12,
    "category": "Transform",
    "attributes": [
      { "name": "num_output", "default": 0 },
      { "name": "input_dim", "default": 0 },
      { "name": "bias_term", "default": 0, "visible": false },
      { "name": "weight_data_size", "default": 0, "visible": false }
    ]
  },
  {
    "name": "Exp",
    "identifier": 13,
    "attributes": [
      { "name": "base", "type": "float32", "default": -1 },
      { "name": "scale", "type": "float32", "default": 1 },
      { "name": "shift", "type": "float32", "default": 0 }
    ]
  },
  {
    "name": "ExpandDims",
    "identifier": 45,
    "category": "Shape",
    "attributes": [
      { "name": "expand_w", "default": 0 },
      { "name": "expand_h", "default": 0 },
      { "name": "expand_c", "default": 0 },
      { "name": "axes", "default": [] }
    ]
  },
  {
    "name": "Flatten",
    "identifier": 14,
    "category": "Shape"
  },
  {
    "name": "GELU",
    "identifier": 80,
    "category": "Activation",
    "attributes": [
      { "name": "fast_gelu", "type": "int32", "default": 0 }
    ]
  },
  {
    "name": "Gemm",
    "identifier": 74,
    "category": "Layer",
    "attributes": [
      { "name": "alpha", "type": "float32", "default": 1 },
      { "name": "beta", "type": "float32", "default": 1 },
      { "name": "transA", "type": "int32", "default": 0 },
      { "name": "transB", "type": "int32", "default": 0 },
      { "name": "constantA", "type": "int32", "default": 0 },
      { "name": "constantB", "type": "int32", "default": 0 },
      { "name": "constantC", "type": "int32", "default": 0 },
      { "name": "constantM", "type": "int32", "default": 0 },
      { "name": "constantN", "type": "int32", "default": 0 },
      { "name": "constantK", "type": "int32", "default": 0 },
      { "name": "constant_broadcast_type_C", "type": "int32", "default": 0 },
      { "name": "output_N1M", "type": "int32", "default": 0 },
      { "name": "output_elempack", "type": "int32", "default": 0 },
      { "name": "output_elemtype", "type": "int32", "default": 0 },
      { "name": "output_transpose", "type": "int32", "default": 0 },
      { "name": "constant_TILE_M", "type": "int32", "default": 0 },
      { "name": "constant_TILE_N", "type": "int32", "default": 0 },
      { "name": "constant_TILE_K", "type": "int32", "default": 0 }
    ]
  },
  {
    "name": "GroupNorm",
    "identifier": 75,
    "category": "Normalization",
    "attributes": [
      { "name": "group", "default": 1 },
      { "name": "channels", "default": 0 },
      { "name": "eps", "type": "float32", "default": 0.001 },
      { "name": "affine", "default": 0 }
    ]
  },
  {
    "name": "GRU",
    "identifier": 78,
    "category": "Layer",
    "attributes": [
      { "name": "num_output", "default": 0 },
      { "name": "weight_data_size", "default": 0, "visible": false },
      { "name": "direction", "default": 1 }
    ]
  },
  {
    "name": "HardSigmoid",
    "identifier": 65,
    "category": "Activation",
    "attributes": [
      { "name": "alpha", "type": "float32", "default": 0.2 },
      { "name": "beta", "type": "float32", "default": 0.5 }
    ]
  },
  {
    "name": "HardSwish",
    "identifier": 67,
    "category": "Activation",
    "attributes": [
      { "name": "alpha", "type": "float32", "default": 0.2 },
      { "name": "beta", "type": "float32", "default": 0.5 }
    ]
  },
  {
    "name": "InnerProduct",
    "identifier": 15,
    "category": "Layer",
    "attributes": [
      { "name": "num_output", "type": "int32", "default": 0 },
      { "name": "bias_term", "default": 0, "visible": false },
      { "name": "weight_data_size", "default": 0, "visible": false },
      { "name": "" },
      { "name": "" },
      { "name": "" },
      { "name": "" },
      { "name": "" },
      { "name": "int8_scale_term", "default": 0 },
      { "name": "activation_type", "default": 0 },
      { "name": "activation_params", "default": [] }
    ]
  },
  {
    "name": "Input",
    "identifier": 16
  },
  {
    "name": "InstanceNorm",
    "identifier": 53,
    "category": "Normalization",
    "attributes": [
      { "name": "channels", "default": 0 },
      { "name": "eps", "type": "float32", "default": 0.001 },
      { "name": "affine", "default": 1 }
    ]
  },
  {
    "name": "Interp",
    "identifier": 50,
    "attributes": [
      { "name": "resize_type", "type": "InterpResizeType", "default": 0 },
      { "name": "height_scale", "type": "float32", "default": 1 },
      { "name": "width_scale", "type": "float32", "default": 1 },
      { "name": "output_height", "default": 0 },
      { "name": "output_width", "default": 0 },
      { "name": "dynamic_target_size", "default": 0 },
      { "name": "align_corner", "default": 0 }
    ]
  },
  {
    "name": "LayerNorm",
    "identifier": 76,
    "category": "Normalization",
    "attributes": [
      { "name": "channels", "default": 0 },
      { "name": "eps", "type": "float32", "default": 0.001 },
      { "name": "affine", "type": "int32", "default": 1 }
    ]
  },
  {
    "name": "LeakyReLU",
    "category": "Activation"
  },
  {
    "name": "Log",
    "identifier": 17,
    "attributes": [
      { "name": "base", "type": "float32", "default": -1 },
      { "name": "scale", "type": "float32", "default": 1 },
      { "name": "shift", "type": "float32", "default": 0 }
    ]
  },
  {
    "name": "LRN",
    "identifier": 18,
    "category": "Normalization",
    "attributes": [
      { "name": "region_type", "default": 0 },
      { "name": "local_size", "default": 5 },
      { "name": "alpha", "default": 1 },
      { "name": "beta", "default": 0.75 },
      { "name": "bias", "default": 1 }
    ]
  },
  {
    "name": "LSTM",
    "identifier": 39,
    "category": "Layer",
    "attributes": [
      { "name": "num_output", "default": 0 },
      { "name": "weight_data_size", "default": 0, "visible": false },
      { "name": "direction", "default": 1 }
    ]
  },
  {
    "name": "MemoryData",
    "identifier": 19,
    "attributes": [
      { "name": "w", "default": 0 },
      { "name": "h", "default": 0 },
      { "name": "c", "default": 0 },
      { "name": "" },
      { "name": "" },
      { "name": "" },
      { "name": "" },
      { "name": "" },
      { "name": "" },
      { "name": "" },
      { "name": "" },
      { "name": "d", "default": 0 }
    ]
  },
  {
    "name": "Mish",
    "identifier": 71,
    "category": "Activation"
  },
  {
    "name": "MultiHeadAttention",
    "identifier": 79,
    "category": "Attention",
    "attributes": [
      { "name": "embed_dim", "default": 0 },
      { "name": "num_head", "default": 1 },
      { "name": "weight_data_size", "default": 0, "visible": false }
    ]
  },
  {
    "name": "MVN",
    "identifier": 20,
    "category": "Normalization",
    "attributes": [
      { "name": "normalize_variance", "default": 0 },
      { "name": "across_channels", "default": 0 },
      { "name": "eps", "type": "float32", "default": 0.0001 }
    ]
  },
  {
    "name": "Noop",
    "identifier": 68
  },
  {
    "name": "Normalize",
    "identifier": 46,
    "category": "Normalization",
    "attributes": [
      { "name": "across_spatial", "default": 0 },
      { "name": "channel_shared", "default": 0 },
      { "name": "eps", "type": "float32", "default": 0.0001 },
      { "name": "scale_data_size", "default": 0, "visible": false },
      { "name": "across_channel", "default": 0 },
      { "name": "" },
      { "name": "" },
      { "name": "" },
      { "name": "" },
      { "name": "eps_mode", "default": 0 }
    ]
  },
  {
    "name": "Packing",
    "identifier": 62,
    "category": "Shape",
    "attributes": [
      { "name": "out_elempack", "default": 1 },
      { "name": "use_padding", "default": 0 },
      { "name": "cast_type_from", "default": 0 },
      { "name": "cast_type_to", "default": 0 },
      { "name": "storage_type_from", "default": 0 },
      { "name": "storage_type_to", "default": 0 }
    ]
  },
  {
    "name": "Padding",
    "identifier": 43,
    "category": "Tensor",
    "attributes": [
      { "name": "top", "default": 0 },
      { "name": "bottom", "default": 0 },
      { "name": "left", "default": 0 },
      { "name": "right", "default": 0 },
      { "name": "type", "type": "PaddingType", "default": 0 },
      { "name": "value", "type": "float32", "default": 0 },
      { "name": "per_channel_pad_data_size", "default": 0, "visible": false },
      { "name": "front", "default": 0 },
      { "name": "behind", "default": 0 }
    ]
  },
  {
    "name": "Permute",
    "identifier": 47,
    "category": "Shape",
    "attributes": [
      { "name": "order_type", "type": "PermuteOrderType", "default": 0 }
    ]
  },
  {
    "name": "PixelShuffle",
    "identifier": 69,
    "category": "Shape",
    "attributes": [
      { "name": "upscale_factor", "default": 1 },
      { "name": "mode", "default": 0 }
    ]
  },
  {
    "name": "Pooling",
    "identifier": 21,
    "category": "Pool",
    "attributes": [
      { "name": "pooling_type", "type": "PoolingType", "default": 0 },
      { "name": "kernel_w", "default": 0 },
      { "name": "stride_w", "default": 1 },
      { "name": "pad_left", "default": 0 },
      { "name": "global_pooling", "default": 0 },
      { "name": "pad_mode", "default": 0 },
      { "name": "avgpool_count_include_pad", "default": 0 },
      { "name": "adaptive_pooling", "default": 0 },
      { "name": "out_w", "default": 0 },
      { "name": "" },
      { "name": "" },
      { "name": "kernel_h", "default": 0 },
      { "name": "stride_h", "default": 1 },
      { "name": "pad_top", "default": 0 },
      { "name": "pad_right", "default": 0 },
      { "name": "pad_bottom", "default": 0 },
      { "name": "" },
      { "name": "" },
      { "name": "out_h", "default": 0 }
    ]
  },
  {
    "name": "Pooling1D",
    "identifier": 82,
    "category": "Pool",
    "attributes": [
      { "name": "pooling_type", "type": "PoolingType", "default": 0 },
      { "name": "kernel_w", "default": 0 },
      { "name": "stride_w", "default": 1 },
      { "name": "pad_left", "default": 0 },
      { "name": "global_pooling", "default": 0 },
      { "name": "pad_mode", "default": 0 },
      { "name": "avgpool_count_include_pad", "default": 0 },
      { "name": "adaptive_pooling", "default": 0 },
      { "name": "out_w", "default": 0 },
      { "name": "" },
      { "name": "" },
      { "name": "" },
      { "name": "" },
      { "name": "" },
      { "name": "pad_right", "default": 0 }
    ]
  },
  {
    "name": "Pooling3D",
    "identifier": 86,
    "category": "Pool",
    "attributes": [
      { "name": "pooling_type", "type": "PoolingType", "default": 0 },
      { "name": "kernel_w", "default": 0 },
      { "name": "stride_w", "default": 1 },
      { "name": "pad_left", "default": 0 },
      { "name": "global_pooling", "default": 0 },
      { "name": "pad_mode", "default": 0 },
      { "name": "avgpool_count_include_pad", "default": 0 },
      { "name": "adaptive_pooling", "default": 0 },
      { "name": "out_w", "default": 0 },
      { "name": "" },
      { "name": "" },
      { "name": "kernel_h", "default": 0 },
      { "name": "stride_h", "default": 1 },
      { "name": "pad_top", "default": 0 },
      { "name": "pad_right", "default": 0 },
      { "name": "pad_bottom", "default": 0 },
      { "name": "pad_behind", "default": 0 },
      { "name": "" },
      { "name": "out_h", "default": 0 },
      { "name": "" },
      { "name": "" },
      { "name": "kernel_d", "default": 0 },
      { "name": "stride_d", "default": 1 },
      { "name": "pad_front", "default": 0 },
      { "name": "" },
      { "name": "" },
      { "name": "" },
      { "name": "" },
      { "name": "out_d", "default": 0 }
    ]
  },
  {
    "name": "Power",
    "identifier": 22,
    "attributes": [
      { "name": "power", "type": "float32", "default": 1 },
      { "name": "scale", "type": "float32", "default": 1 },
      { "name": "shift", "type": "float32", "default": 0 }
    ]
  },
  {
    "name": "PReLU",
    "identifier": 23,
    "category": "Activation",
    "attributes": [
      { "name": "num_slope", "type": "int32", "default": 0, "visible": false }
    ]
  },
  {
    "name": "PriorBox",
    "identifier": 48,
    "attributes": [
      { "name": "min_sizes", "default": [] },
      { "name": "max_sizes", "default": [] },
      { "name": "aspect_ratios", "default": [] },
      { "name": "varainces0", "type": "float32", "default": 0 },
      { "name": "varainces1", "type": "float32", "default": 0 },
      { "name": "varainces2", "type": "float32", "default": 0 },
      { "name": "varainces3", "type": "float32", "default": 0 },
      { "name": "flip", "default": 1 },
      { "name": "clip", "default": 0 },
      { "name": "image_width", "default": 0 },
      { "name": "image_height", "default": 0 },
      { "name": "step_width", "default": -233 },
      { "name": "step_height", "default": -233 },
      { "name": "offset", "default": 0 }
    ]
  },
  {
    "name": "Proposal",
    "identifier": 24
  },
  {
    "name": "PSROIPooling",
    "identifier": 60
  },
  {
    "name": "Quantize",
    "identifier": 57,
    "category": "Quantization",
    "attributes": [
      { "name": "scale_data_size", "default": 1, "visible": false }
    ]
  },
  {
    "name": "Reduction",
    "identifier": 25,
    "attributes": [
      { "name": "operation", "type": "ReductionOpType", "default": 0 },
      { "name": "reduce_all", "type": "int32", "default": 1 },
      { "name": "coeff", "type": "float32", "default": 1.0 },
      { "name": "axes", "default": [] },
      { "name": "keepdims", "type": "int32", "default": 0 }
    ]
  },
  {
    "name": "ReLU",
    "identifier": 26,
    "category": "Activation",
    "attributes": [
      { "name": "slope", "type": "float32", "default": 0 }
    ]
  },
  {
    "name": "ReLU6",
    "category": "Activation"
  },
  {
    "name": "Reorg",
    "identifier": 55,
    "category": "Shape",
    "attributes": [
      { "name": "stride", "default": 1 },
      { "name": "mode", "default": 0 }
    ]
  },
  {
    "name": "Requantize",
    "identifier": 63,
    "attributes": [
      { "name": "scale_in_data_size", "default": 1, "visible": false },
      { "name": "scale_out_data_size", "default": 1, "visible": false },
      { "name": "bias_data_size", "default": 0, "visible": false },
      { "name": "activation_type", "default": 0 },
      { "name": "activation_params", "default": [] }
    ]
  },
  {
    "name": "Reshape",
    "identifier": 27,
    "category": "Shape",
    "attributes": [
      { "name": "w", "default": -233 },
      { "name": "h", "default": -233 },
      { "name": "c", "default": -233 },
      { "name": "permute", "default": 0 },
      { "name": "" },
      { "name": "" },
      { "name": "" },
      { "name": "" },
      { "name": "" },
      { "name": "" },
      { "name": "" },
      { "name": "d", "default": -233 }
    ]
  },
  {
    "name": "RNN",
    "identifier": 38,
    "category": "Layer",
    "attributes": [
      { "name": "num_output", "default": 0 },
      { "name": "weight_data_size", "default": 0, "visible": false },
      { "name": "direction", "default": 1 }
    ]
  },
  {
    "name": "ROIAlign",
    "identifier": 61
  },
  {
    "name": "ROIPooling",
    "identifier": 28
  },
  {
    "name": "Scale",
    "identifier": 29,
    "category": "Layer",
    "attributes": [
      { "name": "scale_data_size", "default": 0, "visible": false },
      { "name": "bias_term", "default": 0, "visible": false }
    ]
  },
  {
    "name": "SELU",
    "identifier": 66,
    "category": "Activation",
    "attributes": [
      { "name": "alpha", "type": "float32", "default": 1.67326324 },
      { "name": "lambda", "type": "float32", "default": 1.050700987 }
    ]
  },
  {
    "name": "ShuffleChannel",
    "identifier": 52,
    "category": "Shape",
    "attributes": [
      { "name": "group", "default": 1 },
      { "name": "reverse", "default": 0 }
    ]
  },
  {
    "name": "Sigmoid",
    "identifier": 30,
    "category": "Activation"
  },
  {
    "name": "Slice",
    "identifier": 31,
    "category": "Tensor",
    "attributes": [
      { "name": "slices", "default": [] },
      { "name": "axis", "default": 0 }
    ],
    "inputs": [
      { "name": "input" }
    ],
    "outputs": [
      { "name": "output", "type": "Tensor[]" }
    ]
  },
  {
    "name": "Softmax",
    "identifier": 32,
    "category": "Activation",
    "attributes": [
      { "name": "axis", "type": "int32", "default": 0 },
      { "name": "fixbug0", "type": "int32", "default": 0, "visible": false }
    ]
  },
  {
    "name": "Softplus",
    "identifier": 77,
    "category": "Activation"
  },
  {
    "name": "Split",
    "identifier": 33,
    "category": "Tensor",
    "inputs": [
      { "name": "input" }
    ],
    "outputs": [
      { "name": "output", "type": "Tensor[]" }
    ]
  },
  {
    "name": "SPP",
    "identifier": 34,
    "category": "Activation"
  },
  {
    "name": "Squeeze",
    "identifier": 44,
    "category": "Transform",
    "attributes": [
      { "name": "squeeze_w", "default": 0 },
      { "name": "squeeze_h", "default": 0 },
      { "name": "squeeze_c", "default": 0 },
      { "name": "axes", "default": [] }
    ]
  },
  {
    "name": "StatisticsPooling",
    "identifier": 72,
    "category": "Pool"
  },
  {
    "name": "Swish",
    "identifier": 73,
    "category": "Activation"
  },
  {
    "name": "TanH",
    "identifier": 35,
    "category": "Activation"
  },
  {
    "name": "Threshold",
    "identifier": 36
  },
  {
    "name": "Tile",
    "identifier": 37
  },
  {
    "name": "UnaryOp",
    "identifier": 41,
    "attributes": [
      { "name": "op_type", "type": "UnaryOpType", "default": 0 }
    ]
  },
  {
    "name": "YoloDetectionOutput",
    "identifier": 56,
    "attributes": [
      { "name": "num_class", "type": "int32", "default": 20 },
      { "name": "num_box", "type": "int32", "default": 5 },
      { "name": "confidence_threshold", "type": "float32", "default": 0.01 },
      { "name": "nms_threshold", "type": "float32", "default": 0.45 },
      { "name": "biases" }
    ],
    "inputs": [
      { "name": "input", "type": "Tensor[]" }
    ]
  },
  {
    "name": "Yolov3DetectionOutput",
    "identifier": 59,
    "attributes": [
      { "name": "num_class", "type": "int32", "default": 20 },
      { "name": "num_box", "type": "int32", "default": 5 },
      { "name": "confidence_threshold", "type": "float32", "default": 0.01 },
      { "name": "nms_threshold", "type": "float32", "default": 0.45 },
      { "name": "biases", "type": "float32[]" },
      { "name": "mask", "type": "float32[]" },
      { "name": "anchors_scale", "type": "float32[]" }
    ],
    "inputs": [
      { "name": "input", "type": "Tensor[]" }
    ]
  },
  {
    "name": "Stack",
    "attributes": [
      { "name": "axis", "type": "int32" }
    ],
    "inputs": [
      { "name": "input", "type": "Tensor[]" }
    ]
  }
]
