[
  {
    "name": "Absval",
    "category": "Data"
  },
  {
    "name": "Accuracy"
  },
  {
    "name": "Addn",
    "attributes": [
      { "name": "axis", "type": "int32", "default": 0 }
    ]
  },
  {
    "name": "ArgMax",
    "category": "Layer",
    "attributes": [
      { "name": "axis", "type": "int32", "default": 0 }
    ]
  },
  {
    "name": "ArgMin",
    "category": "Layer",
    "attributes": [
      { "name": "axis", "type": "int32", "default": 0 }
    ]
  },
  {
    "name": "BatchNormalization",
    "category": "Normalization",
    "attributes": [
      { "name": "rescale_factor", "type": "float32", "default": 1 },
      { "name": "eps", "type": "float32", "default": 0.00001 },
      { "name": "caffe_flavor", "type": "int32", "default": 0 }
    ],
    "inputs": [
      { "name": "input" },
      { "name": "gamma" },
      { "name": "beta" },
      { "name": "mean" },
      { "name": "var" }
    ]
  },
  {
    "name": "BatchToSpaceND",
    "category": "Shape",
    "attributes": [
      { "name": "dilation_x", "type": "int32", "default": 0 },
      { "name": "dilation_y", "type": "int32", "default": 0 },
      { "name": "crop_top", "type": "int32", "default": 0 },
      { "name": "crop_bottom", "type": "int32", "default": 0 },
      { "name": "crop_left", "type": "int32", "default": 0 },
      { "name": "crop_right", "type": "int32", "default": 0 }
    ]
  },
  {
    "name": "Bias",
    "category": "Layer",
    "attributes": [
      { "name": "bias_size", "type": "int32", "default": 0 }
    ]
  },
  {
    "name": "BilinearResize",
    "category": "Shape",
    "attributes": [
      { "name": "scale_x", "type": "float32", "default": 0 },
      { "name": "scale_y", "type": "float32", "default": 0 },
      { "name": "type", "type": "int32", "default": 0 }
    ]
  },
  {
    "name": "BroadMul",
    "category": "Layer"
  },
  {
    "name": "Cast",
    "attributes": [
      { "name": "type_from", "type": "int32", "default": 0 },
      { "name": "type_to", "type": "int32", "default": 0 }
    ]
  },
  {
    "name": "Ceil",
    "category": "Layer"
  },
  {
    "name": "Clip",
    "category": "Layer",
    "attributes": [
      { "name": "max", "type": "float32", "default": 0 },
      { "name": "min", "type": "float32", "default": 0 }
    ]
  },
  {
    "name": "Comparison",
    "category": "Layer",
    "attributes": [
      { "name": "type", "type": "int32", "default": 0 }
    ]
  },
  {
    "name": "Concat",
    "category": "Shape",
    "attributes": [
      { "name": "axis", "type": "int32", "default": 1 }
    ],
    "inputs": [
      { "name": "inputs", "option": "variadic" }
    ]
  },
  {
    "name": "Const",
    "category": "Constant"
  },
  {
    "name": "Convolution",
    "category": "Layer",
    "attributes": [
      { "name": "kernel_h", "type": "int32", "default": 1 },
      { "name": "kernel_w", "type": "int32", "default": 1 },
      { "name": "stride_h", "type": "int32", "default": 1 },
      { "name": "stride_w", "type": "int32", "default": 1 },
      { "name": "dilation_h", "type": "int32", "default": 1, "visible": false },
      { "name": "dilation_w", "type": "int32", "default": 1, "visible": false },
      { "name": "input_channel", "type": "int32", "default": 1 },
      { "name": "output_channel", "type": "int32", "default": 1 },
      { "name": "group", "type": "int32", "default": 1, "visible": false },
      { "name": "activation", "type": "int32", "default": -1 },
      { "name": "pad_h0", "type": "int32", "default": 0, "visible": false },
      { "name": "pad_w0", "type": "int32", "default": 0, "visible": false },
      { "name": "pad_h1", "type": "int32", "default": 0, "visible": false },
      { "name": "pad_w1", "type": "int32", "default": 0, "visible": false }
    ],
    "inputs": [
      { "name": "input" },
      { "name": "weight" },
      { "name": "bias" }
    ]
  },
  {
    "name": "Crop",
    "category": "Shape",
    "attributes": [
      { "name": "num_args", "type": "int32", "default": 0 },
      { "name": "offset_c", "type": "int32", "default": 0 },
      { "name": "offset_h", "type": "int32", "default": 0 },
      { "name": "offset_w", "type": "int32", "default": 0 },
      { "name": "crop_h", "type": "int32", "default": 0 },
      { "name": "crop_w", "type": "int32", "default": 0 },
      { "name": "center_crop", "type": "bool", "default": 0 },
      { "name": "axis", "type": "int32", "default": 0 },
      { "name": "flag", "type": "int32", "default": 0 }
    ]
  },
  {
    "name": "Deconvolution",
    "category": "Layer",
    "attributes": [
      { "name": "num_output", "type": "int32", "default": 1 },
      { "name": "kernel_h", "type": "int32", "default": 1 },
      { "name": "kernel_w", "type": "int32", "default": 1 },
      { "name": "stride_h", "type": "int32", "default": 1 },
      { "name": "stride_w", "type": "int32", "default": 1 },
      { "name": "pad_w0", "type": "int32", "default": 0 },
      { "name": "pad_h0", "type": "int32", "default": 0 },
      { "name": "pad_w1", "type": "int32", "default": 0 },
      { "name": "pad_h1", "type": "int32", "default": 0 },
      { "name": "dilation_h", "type": "int32", "default": 1 },
      { "name": "dilation_w", "type": "int32", "default": 1 },
      { "name": "group", "type": "int32", "default": 1 },
      { "name": "activation", "type": "int32", "default": -1 }
    ],
    "inputs": [
      { "name": "input" },
      { "name": "weight" },
      { "name": "bias" }
    ]
  },
  {
    "name": "DepthToSpace",
    "category": "Shape",
    "attributes": [
      { "name": "block_size", "type": "int32", "default": 0 }
    ]
  },
  {
    "name": "DetectionOutput",
    "category": "Layer",
    "attributes": [
      { "name": "num_classes", "type": "int32", "default": 0 },
      { "name": "keep_top_k", "type": "int32", "default": 0 },
      { "name": "nms_top_k", "type": "int32", "default": 0 },
      { "name": "confidence_threshold", "type": "float32", "default": 0 },
      { "name": "nms_threshold", "type": "float32", "default": 0 }
    ]
  },
  {
    "name": "DetectionPostProcess",
    "category": "Layer",
    "attributes": [
      { "name": "max_detections", "type": "int32", "default": 0 },
      { "name": "max_classes_per_detection", "type": "int32", "default": 0 },
      { "name": "nms_score_threshold", "type": "float32", "default": 0 },
      { "name": "nms_iou_threshold", "type": "float32", "default": 0 },
      { "name": "num_classes", "type": "int32", "default": 0 },
      { "name": "scales", "type": "float32[]", "default": [] }
    ],
    "inputs": [
      { "name": "input" },
      { "name": "score" },
      { "name": "anchor" }
    ],
    "outputs": [
      { "name": "detect_boxes" },
      { "name": "detect_classes" },
      { "name": "detect_scores" },
      { "name": "detect_num" }
    ]
  },
  {
    "name": "DropOut",
    "category": "Dropout"
  },
  {
    "name": "Eltwise",
    "attributes": [
      { "name": "type", "type": "uint32", "default": 0 },
      { "name": "caffe_flavor", "type": "int32", "default": 0 }
    ],
    "inputs": [
      { "name": "inputs", "option": "variadic" }
    ]
  },
  {
    "name": "ELU",
    "category": "Activation",
    "attributes": [
      { "name": "alpha", "type": "float32", "default": 0 }
    ]
  },
  {
    "name": "Embed",
    "category": "Transform",
    "attributes": [
      { "name": "num_output", "type": "int32", "default": 0 },
      { "name": "input_dim", "type": "int32", "default": 0 },
      { "name": "bias_term", "type": "int32", "default": 0 },
      { "name": "weight_data_size", "type": "int32", "default": 0 }
    ]
  },
  {
    "name": "Expand",
    "category": "Layer",
    "attributes": [
      { "name": "v_shape[]", "type": "int32[]", "default": [] }
    ]
  },
  {
    "name": "Expanddims",
    "category": "Shape",
    "attributes": [
      { "name": "axis", "type": "int32", "default": 0 }
    ]
  },
  {
    "name": "Flatten",
    "category": "Shape",
    "attributes": [
      { "name": "axis", "type": "int32", "default": 0 },
      { "name": "end_axis", "type": "int32", "default": 0 }
    ]
  },
  {
    "name": "FullyConnected",
    "category": "Layer",
    "attributes": [
      { "name": "num_output", "type": "int32", "default": 10 }
    ],
    "inputs": [
      { "name": "input" },
      { "name": "weight" },
      { "name": "bias" }
    ]
  },
  {
    "name": "FusedbnScaleRelu",
    "category": "Activation"
  },
  {
    "name": "Gather",
    "category": "Transform",
    "attributes": [
      { "name": "axis", "type": "int32", "default": 0 },
      { "name": "indices_num", "type": "int32", "default": 0 }
    ]
  },
  {
    "name": "Gemm",
    "attributes": [
      { "name": "alpha", "type": "float32", "default": 0 },
      { "name": "beta", "type": "float32", "default": 0 },
      { "name": "transA", "type": "int32", "default": 0 },
      { "name": "transB", "type": "int32", "default": 0 }
    ]
  },
  {
    "name": "Generic",
    "attributes": [
      { "name": "max_input_num", "type": "int32", "default": 0 },
      { "name": "max_output_num", "type": "int32", "default": 0 },
      { "name": "opname", "type": "string", "default": "" }
    ]
  },
  {
    "name": "GRU",
    "category": "Layer",
    "attributes": [
      { "name": "clip", "type": "float32", "default": 0 },
      { "name": "output_len", "type": "int32", "default": 0 },
      { "name": "sequence_len", "type": "int32", "default": 0 },
      { "name": "input_size", "type": "int32", "default": 0 },
      { "name": "hidden_size", "type": "int32", "default": 0 },
      { "name": "has_clip", "type": "int32", "default": 0 },
      { "name": "has_gate_bias", "type": "int32", "default": 0 },
      { "name": "has_candidate_bias", "type": "int32", "default": 0 },
      { "name": "has_init_state", "type": "int32", "default": 0 },
      { "name": "mxnet_flag", "type": "int32", "default": 0 }
    ]
  },
  {
    "name": "Hardsigmoid",
    "category": "Activation",
    "attributes": [
      { "name": "alpha", "type": "float32", "default": 0 },
      { "name": "beta", "type": "float32", "default": 0 }
    ]
  },
  {
    "name": "HardSwish",
    "category": "Activation",
    "attributes": [
      { "name": "alpha", "type": "float32", "default": 0 },
      { "name": "beta", "type": "float32", "default": 0 }
    ]
  },
  {
    "name": "InstanceNorm",
    "category": "Normalization",
    "attributes": [
      { "name": "eps", "type": "float32", "default": 0 }
    ]
  },
  {
    "name": "Interp",
    "category": "Layer",
    "attributes": [
      { "name": "resize_type", "type": "int32", "default": 0 },
      { "name": "width_scale", "type": "float32", "default": 0 },
      { "name": "height_scale", "type": "float32", "default": 0 },
      { "name": "output_width", "type": "int32", "default": 0 },
      { "name": "output_height", "type": "int32", "default": 0 }
    ]
  },
  {
    "name": "L2Normalization",
    "category": "Layer"
  },
  {
    "name": "L2Pool",
    "category": "Layer"
  },
  {
    "name": "Logical",
    "category": "Layer",
    "attributes": [
      { "name": "type", "type": "int32", "default": 0 }
    ]
  },
  {
    "name": "Logistic",
    "category": "Activation"
  },
  {
    "name": "LogSoftmax",
    "category": "Layer"
  },
  {
    "name": "LRN",
    "category": "Normalization",
    "attributes": [
      { "name": "local_size", "type": "int32", "default": 0 },
      { "name": "alpha", "type": "float32", "default": 0 },
      { "name": "beta", "type": "float32", "default": 0 },
      { "name": "norm_region", "type": "int32", "default": 0 },
      { "name": "k", "type": "float32", "default": 0 }
    ]
  },
  {
    "name": "LSTM",
    "category": "Layer",
    "attributes": [
      { "name": "forget_bias", "type": "float32", "default": 0 },
      { "name": "clip", "type": "float32", "default": 0 },
      { "name": "output_len", "type": "int32", "default": 0 },
      { "name": "sequence_len", "type": "int32", "default": 0 },
      { "name": "input_size", "type": "int32", "default": 0 },
      { "name": "hidden_size", "type": "int32", "default": 0 },
      { "name": "cell_size", "type": "int32", "default": 0 },
      { "name": "has_peephole", "type": "int32", "default": 0 },
      { "name": "has_projection", "type": "int32", "default": 0 },
      { "name": "has_clip", "type": "int32", "default": 0 },
      { "name": "has_bias", "type": "int32", "default": 0 },
      { "name": "has_init_state", "type": "int32", "default": 0 },
      { "name": "forget_act", "type": "int32", "default": 0 },
      { "name": "input_act", "type": "int32", "default": 0 },
      { "name": "output_act", "type": "int32", "default": 0 },
      { "name": "cellin_act", "type": "int32", "default": 0 },
      { "name": "cellout_act", "type": "int32", "default": 0 },
      { "name": "mxnet_flag", "type": "int32", "default": 0 }
    ]
  },
  {
    "name": "MatMul",
    "category": "Layer"
  },
  {
    "name": "Max",
    "category": "Layer"
  },
  {
    "name": "Mean",
    "category": "Layer"
  },
  {
    "name": "Min",
    "category": "Layer"
  },
  {
    "name": "Mish",
    "category": "Activation"
  },
  {
    "name": "MVN",
    "attributes": [
      { "name": "across_channels", "type": "int32", "default": 0 },
      { "name": "normalize_variance", "type": "int32", "default": 0 },
      { "name": "eps", "type": "float32", "default": 0 }
    ]
  },
  {
    "name": "Noop",
    "category": "Layer"
  },
  {
    "name": "Normalize",
    "category": "Normalization",
    "attributes": [
      { "name": "across_spatial", "type": "int32", "default": 0 },
      { "name": "channel_shared", "type": "int32", "default": 0 }
    ]
  },
  {
    "name": "Num",
    "category": "Layer"
  },

  {
    "name": "PackModel",
    "category": "Layer",
    "attributes": [
      { "name": "buffer size", "type": "int32", "default": 1 },
      { "name": "model version", "type": "int32", "default": 1 }
    ],
    "inputs": [
      { "name": "input" },
      { "name": "Source Model" }
    ]
  },
  {
    "name": "Pad",
    "category": "Tensor",
    "attributes": [
      { "name": "pad_n_0", "type": "int32", "default": -1 },
      { "name": "pad_n_1", "type": "int32", "default": -1 },
      { "name": "pad_c_0", "type": "int32", "default": -1 },
      { "name": "pad_c_1", "type": "int32", "default": -1 },
      { "name": "pad_h_0", "type": "int32", "default": -1 },
      { "name": "pad_h_1", "type": "int32", "default": -1 },
      { "name": "pad_w_0", "type": "int32", "default": -1 },
      { "name": "pad_w_1", "type": "int32", "default": -1 },
      { "name": "mode", "type": "int32", "default": 0 },
      { "name": "value", "type": "float32", "default": 0 }
    ],
    "inputs": [
      { "name": "input" },
      { "name": "paddings" }
    ]
  },
  {
    "name": "Permute",
    "category": "Shape",
    "attributes": [
      { "name": "flag", "type": "int32", "default": 0 },
      { "name": "order0", "type": "int32", "default": 0 },
      { "name": "order1", "type": "int32", "default": 0 },
      { "name": "order2", "type": "int32", "default": 0 },
      { "name": "order3", "type": "int32", "default": 0 }
    ]
  },
  {
    "name": "Pooling",
    "category": "Pool",
    "attributes": [
      { "name": "alg", "type": "int32", "default": 0 },
      { "name": "kernel_h", "type": "int32", "default": 0 },
      { "name": "kernel_w", "type": "int32", "default": 0 },
      { "name": "stride_h", "type": "int32", "default": 0 },
      { "name": "stride_w", "type": "int32", "default": 0 },
      { "name": "global", "type": "int32", "default": 0 },
      { "name": "caffe_flavor", "type": "int32", "default": 0 },
      { "name": "pad_h0", "type": "int32", "default": 0 },
      { "name": "pad_w0", "type": "int32", "default": 0 },
      { "name": "pad_h1", "type": "int32", "default": 0 },
      { "name": "pad_w1", "type": "int32", "default": 0 }
    ]
  },
  {
    "name": "Prelu",
    "category": "Activation",
    "inputs": [
      { "name": "input" },
      { "name": "slope" }
    ]
  },
  {
    "name": "PriorBox",
    "attributes": [
      { "name": "min_size", "type": "float32[]", "default": [] },
      { "name": "max_size", "type": "float32[]", "default": [] },
      { "name": "variance", "type": "float32[]", "default": [] },
      { "name": "aspect_ratio", "type": "float32[]", "default": [] },
      { "name": "flip", "type": "int32", "default": 0 },
      { "name": "clip", "type": "int32", "default": 0 },
      { "name": "img_size", "type": "int32", "default": 0 },
      { "name": "img_h", "type": "int32", "default": 0 },
      { "name": "img_w", "type": "int32", "default": 0 },
      { "name": "step_w", "type": "float32", "default": 0 },
      { "name": "step_h", "type": "float32", "default": 0 },
      { "name": "offset", "type": "float32", "default": 0 },
      { "name": "num_priors", "type": "int32", "default": 0 },
      { "name": "out_dim", "type": "int32", "default": 0 }
    ]
  },
  {
    "name": "Psroipooling",
    "category": "Pool",
    "attributes": [
      { "name": "pooled_w", "type": "int32", "default": 0 },
      { "name": "pooled_h", "type": "int32", "default": 0 },
      { "name": "spatial_scale", "type": "float32", "default": 0 },
      { "name": "output_dim", "type": "int32", "default": 0 }
    ]
  },
  {
    "name": "ReduceL2",
    "category": "Layer",
    "attributes": [
      { "name": "axis", "type": "int32", "default": 0 },
      { "name": "keepdim", "type": "int32", "default": 0 }
    ]
  },
  {
    "name": "Reduction",
    "attributes": [
      { "name": "dim_0", "type": "int32", "default": -2 },
      { "name": "dim_1", "type": "int32", "default": -2 },
      { "name": "dim_2", "type": "int32", "default": -2 },
      { "name": "dim_3", "type": "int32", "default": -2 },
      { "name": "type", "type": "int32", "default": 0 },
      { "name": "keepdim", "type": "int32", "default": 0 }
    ]
  },
  {
    "name": "Region",
    "attributes": [
      { "name": "num_classes", "type": "int32", "default": 0 },
      { "name": "side", "type": "int32", "default": 0 },
      { "name": "num_box", "type": "int32", "default": 0 },
      { "name": "coords", "type": "int32", "default": 0 },
      { "name": "confidence_threshold", "type": "float32", "default": 0 },
      { "name": "nms_threshold", "type": "float32", "default": 0 },
      { "name": "biases", "type": "float32[]", "default": [] }
    ]
  },
  {
    "name": "ReLU",
    "category": "Activation",
    "attributes": [
      { "name": "negative_slope", "type": "float32", "default": 0 }
    ]
  },
  {
    "name": "Relu1",
    "category": "Layer"
  },
  {
    "name": "ReLU6",
    "category": "Activation"
  },
  {
    "name": "Reorg",
    "category": "Shape",
    "attributes": [
      { "name": "stride", "type": "int32", "default": 0 }
    ]
  },
  {
    "name": "Reshape",
    "category": "Shape",
    "attributes": [
      { "name": "is_mxnet", "type": "int32", "default": 0 },
      { "name": "reverse", "type": "int32", "default": 0 },
      { "name": "shape", "type": "int32[]", "default": [] }
    ],
    "inputs": [
      { "name": "input" },
      { "name": "shape" }
    ]
  },
  {
    "name": "Reshape",
    "category": "Shape",
    "attributes": [
      { "name": "dim_0", "type": "int32", "default": 0 },
      { "name": "dim_1", "type": "int32", "default": 0 },
      { "name": "dim_2", "type": "int32", "default": 0 },
      { "name": "dim_3", "type": "int32", "default": 0 },
      { "name": "dim_size", "type": "int32", "default": 0 },
      { "name": "axis", "type": "int32", "default": 0 }
    ],
    "inputs": [
      { "name": "input" },
      { "name": "shape" }
    ]
  },
  {
    "name": "Reshape",
    "version": 2,
    "category": "Shape",
    "attributes": [
      { "name": "is_mxnet", "type": "int32", "default": 0 },
      { "name": "reverse", "type": "int32", "default": 0 },
      { "name": "shape", "type": "int32[]", "default": [] }
    ],
    "inputs": [
      { "name": "input" },
      { "name": "shape" }
    ]
  },
  {
    "name": "Resize",
    "category": "Data",
    "attributes": [
      { "name": "scale_x", "type": "float32", "default": 0 },
      { "name": "scale_y", "type": "float32", "default": 0 },
      { "name": "type", "type": "int32", "default": 0 }
    ]
  },
  {
    "name": "Reverse",
    "category": "Shape"
  },
  {
    "name": "RNN",
    "category": "Layer",
    "attributes": [
      { "name": "clip", "type": "float32", "default": 0 },
      { "name": "output_len", "type": "int32", "default": 0 },
      { "name": "sequence_len", "type": "int32", "default": 0 },
      { "name": "input_size", "type": "int32", "default": 0 },
      { "name": "hidden_size", "type": "int32", "default": 0 },
      { "name": "has_clip", "type": "int32", "default": 0 },
      { "name": "has_bias", "type": "int32", "default": 0 },
      { "name": "has_init_state", "type": "int32", "default": 0 },
      { "name": "activation", "type": "int32", "default": 0 }
    ]
  },
  {
    "name": "ROIAlign",
    "attributes": [
      { "name": "pooled_width", "type": "int32", "default": 0 },
      { "name": "pooled_height", "type": "int32", "default": 0 },
      { "name": "spatial_scale", "type": "float32", "default": 0 }
    ]
  },
  {
    "name": "RoiPooling",
    "category": "Pool",
    "attributes": [
      { "name": "pooled_h", "type": "int32", "default": 0 },
      { "name": "pooled_w", "type": "int32", "default": 0 },
      { "name": "spatial_scale", "type": "float32", "default": 0 }
    ]
  },
  {
    "name": "Round",
    "category": "Layer"
  },
  {
    "name": "RPN",
    "attributes": [
      { "name": "ratios", "type": "float32[]", "default": [] },
      { "name": "anchor_scales", "type": "float32[]", "default": [] },
      { "name": "feat_stride", "type": "int32", "default": 0 },
      { "name": "basesize", "type": "int32", "default": 0 },
      { "name": "min_size", "type": "int32", "default": 0 },
      { "name": "per_nms_topn", "type": "int32", "default": 0 },
      { "name": "post_nms_topn", "type": "int32", "default": 0 },
      { "name": "nms_thresh", "type": "float32", "default": 0 },
      { "name": "anchors", "default": 0 }
    ]
  },
  {
    "name": "Scale",
    "category": "Layer",
    "attributes": [
      { "name": "axis", "type": "int32", "default": 0 },
      { "name": "num_axes", "type": "int32", "default": 0 },
      { "name": "bias_term", "type": "int32", "default": 0 }
    ],
    "inputs": [
      { "name": "input" },
      { "name": "gamma" },
      { "name": "beta" }
    ]
  },
  {
    "name": "Scatter",
    "category": "Layer",
    "attributes": [
      { "name": "axis", "type": "int32", "default": 0 },
      { "name": "is_onnx", "type": "boolean", "default": false }
    ]
  },
  {
    "name": "SELU",
    "category": "Activation",
    "attributes": [
      { "name": "alpha", "type": "float32", "default": 0 },
      { "name": "lambda", "type": "float32", "default": 0 }
    ]
  },
  {
    "name": "Shape",
    "category": "Shape"
  },
  {
    "name": "ShuffleChannel",
    "category": "shape",
    "attributes": [
      { "name": "group", "type": "int32", "default": 0 }
    ]
  },
  {
    "name": "Sigmoid",
    "category": "Activation"
  },
  {
    "name": "Slice",
    "category": "Shape",
    "attributes": [
      { "name": "axis", "type": "int32", "default": 0 },
      { "name": "slice_points", "type": "int32[]", "default": [] },
      { "name": "begins", "type": "int32[]", "default": [] },
      { "name": "sizes", "type": "int32[]", "default": [] },
      { "name": "iscaffe", "type": "int32", "default": 0 },
      { "name": "ismxnet", "type": "int32", "default": 0 },
      { "name": "isonnx", "type": "int32", "default": 0 },
      { "name": "begin", "type": "int32", "default": 0 },
      { "name": "end", "type": "int32", "default": 0 }
    ],
    "outputs": [
      { "name": "outputs", "option": "variadic" }
    ]
  },
  {
    "name": "SoftMax",
    "category": "Activation",
    "attributes": [
      { "name": "axis", "type": "int32", "default": 0 }
    ]
  },
  {
    "name": "SpaceToBatchND",
    "category": "Shape",
    "attributes": [
      { "name": "dilation_x", "type": "int32", "default": 0 },
      { "name": "dilation_y", "type": "int32", "default": 0 },
      { "name": "pad_top", "type": "int32", "default": 0 },
      { "name": "pad_bottom", "type": "int32", "default": 0 },
      { "name": "pad_left", "type": "int32", "default": 0 },
      { "name": "pad_right", "type": "int32", "default": 0 }
    ]
  },
  {
    "name": "SpaceToDepth",
    "category": "Shape",
    "attributes": [
      { "name": "block_size", "type": "int32", "default": 0 }
    ]
  },
  {
    "name": "SparseToDense",
    "category": "Shape",
    "attributes": [
      { "name": "output_shape_size0", "type": "int32", "default": 0 },
      { "name": "output_shape_size1", "type": "int32", "default": 0 },
      { "name": "default_value", "type": "int32", "default": 0 }
    ]
  },
  {
    "name": "Split",
    "category": "Shape",
    "attributes": [
      { "name": "axis", "type": "int32", "default": 0 },
      { "name": "split_dim", "type": "int32", "default": 0 },
      { "name": "is_caffe", "type": "boolean", "default": false },
      { "name": "is_onnx", "type": "boolean", "default": false },
      { "name": "split_sizes", "type": "int32[]", "default": [] }
    ]
  },
  {
    "name": "SquaredDifference",
    "category": "Layer"
  },
  {
    "name": "Squeeze",
    "category": "Transform",
    "attributes": [
      { "name": "dim_0", "type": "int32", "default": 0 },
      { "name": "dim_1", "type": "int32", "default": 0 },
      { "name": "dim_2", "type": "int32", "default": 0 },
      { "name": "dim_3", "type": "int32", "default": 0 }
    ]
  },
  {
    "name": "StridedSlice",
    "category": "Shape",
    "attributes": [
      { "name": "begine_n", "type": "int32", "default": 0 },
      { "name": "end_n", "type": "int32", "default": 0 },
      { "name": "stride_n", "type": "int32", "default": 0 },
      { "name": "begine_c", "type": "int32", "default": 0 },
      { "name": "end_c", "type": "int32", "default": 0 },
      { "name": "stride_c", "type": "int32", "default": 0 },
      { "name": "begine_h", "type": "int32", "default": 0 },
      { "name": "end_h", "type": "int32", "default": 0 },
      { "name": "stride_h", "type": "int32", "default": 0 },
      { "name": "begine_w", "type": "int32", "default": 0 },
      { "name": "end_w", "type": "int32", "default": 0 },
      { "name": "stride_w", "type": "int32", "default": 0 }
    ],
    "inputs": [
      { "name": "input" },
      { "name": "begin" },
      { "name": "end" },
      { "name": "strides" }
    ]
  },
  {
    "name": "SwapAxis",
    "category": "Shape",
    "attributes": [
      { "name": "dim_0", "type": "int32", "default": 0 },
      { "name": "dim_1", "type": "int32", "default": 0 }
    ]
  },
  {
    "name": "TanH",
    "category": "Activation"
  },
  {
    "name": "Threshold",
    "category": "Activation",
    "attributes": [
      { "name": "Threshold", "type": "float32", "default": 0 }
    ]
  },
  {
    "name": "TopKV2",
    "category": "Layer",
    "attributes": [
      { "name": "k", "type": "int32", "default": 0 },
      { "name": "sorted", "type": "int32", "default": 0 }
    ]
  },
  {
    "name": "Transpose",
    "category": "Transform",
    "attributes": [
      { "name": "shape", "type": "int32[]", "default": [] }
    ]
  },
  {
    "name": "Unary",
    "attributes": [
      { "name": "type", "type": "int32", "default": 0 }
    ]
  },
  {
    "name": "Unsqueeze",
    "category": "Transform",
    "attributes": [
      { "name": "axises[]", "type": "int32[]", "default": [] }
    ]
  },
  {
    "name": "Upsample",
    "category": "Data",
    "attributes": [
      { "name": "scale", "type": "float32", "default": 0 }
    ]
  },
  {
    "name": "Where",
    "category": "Layer"
  },
  {
    "name": "ZerosLike",
    "category": "Layer"
  }
]