{
  "Big Games Pets": [
    {
      "name": "Guest",
      "id": 33738742
    },
    {
      "name": "Moderator",
      "id": 33738765
    },
    {
      "name": "Admin",
      "id": 33738740
    },
    {
      "name": "Community Manager",
      "id": 33738767
    },
    {
      "name": "Developer",
      "id": 33752283
    },
    {
      "name": "Manager",
      "id": 98198411
    },
    {
      "name": "Owner",
      "id": 33738739
    }
  ],
  "BIG Games Pets": [
    {
      "name": "Guest",
      "id": 26903489
    },
    {
      "name": "Fan",
      "id": 26903488
    },
    {
      "name": "Tester",
      "id": 68528166
    },
    {
      "name": "Roblox QA",
      "id": 141052368
    },
    {
      "name": "Developer",
      "id": 84449563
    },
    {
      "name": "Manager",
      "id": 98198322
    },
    {
      "name": "Owner",
      "id": 26903486
    }
  ],
  "BIG Games\u2122": [
    {
      "name": "Guest",
      "id": 18102231
    },
    {
      "name": "Fan",
      "id": 18102230
    },
    {
      "name": "Partner",
      "id": 29532359
    },
    {
      "name": "Tester",
      "id": 95741987
    },
    {
      "name": "Community Manager",
      "id": 92353789
    },
    {
      "name": "Developer",
      "id": 33783183
    },
    {
      "name": "Manager",
      "id": 98198367
    },
    {
      "name": "Owner",
      "id": 18102228
    }
  ],
  "BIG Games Experimental": [
    {
      "name": "Guest",
      "id": 33232591
    },
    {
      "name": "Fan",
      "id": 33232612
    },
    {
      "name": "Developer",
      "id": 33232589
    },
    {
      "name": "Manager",
      "id": 98198447
    },
    {
      "name": "Owner",
      "id": 33232588
    }
  ],
  "BIG Games Super Fun": [
    {
      "name": "Guest",
      "id": 60007291
    },
    {
      "name": "Fan",
      "id": 60007290
    },
    {
      "name": "Tester",
      "id": 102505775
    },
    {
      "name": "Developer",
      "id": 60007289
    },
    {
      "name": "Manager",
      "id": 98198428
    },
    {
      "name": "Owner",
      "id": 60007288
    }
  ]
}