[
  {
    "id": "3959677",
    "name": "BIG Games Pets",
    "url": "https://www.roblox.com/groups/3959677/BIG-Games-Pets"
  },
  {
    "id": "2703304",
    "name": "BIG Games",
    "url": "https://www.roblox.com/groups/2703304/BIG-Games"
  },
  {
    "id": "5060810",
    "name": "BIG Games Super Fun",
    "url": "https://www.roblox.com/groups/5060810/BIG-Games-Super-Fun"
  },
  {
    "id": "4981455",
    "name": "BIG Games Magic Forest",
    "url": "https://www.roblox.com/groups/4981455/BIG-Games-Magic-Forest"
  },
  {
    "id": "14078260",
    "name": "BIG Games Testing",
    "url": "https://www.roblox.com/groups/14078260/BIG-Games-Testing"
  }
]