<?xml version="1.0" encoding="utf-8"?>
<browserconfig>
    <msapplication>
        <tile>
            <square70x70logo src="/favicons/mstile-70x70.png"/>
            <square144x144logo src="/favicons/mstile-144x144.png"/>
            <square150x150logo src="/favicons/mstile-150x150.png"/>
            <wide310x150logo src="/favicons/mstile-310x150.png"/>
            <square310x310logo src="/favicons/mstile-310x310.png"/>
            <TileColor>#161c2d</TileColor>
        </tile>
    </msapplication>
</browserconfig>
