[{"Name":"21 Savage - A lot","UUID":1,"SoundId":"4877838949"},{"Name":"6ix9ine - Gotti Gotti","UUID":2,"SoundId":"2548670702"},{"Name":"Aitch - Safe To Say","UUID":3,"SoundId":"5602380546"},{"Name":"Best Cry Ever","UUID":4,"SoundId":"436908101"},{"Name":"Chills - Dreamland","UUID":5,"SoundId":"2997057859"},{"Name":"Headie One - Rose Gold","UUID":6,"SoundId":"5602528196"},{"Name":"Juice WRLD - Bad Energy","UUID":7,"SoundId":"5333477297"},{"Name":"Juice WRLD - Lucid Dreams","UUID":8,"SoundId":"3956963046"},{"Name":"Juice WRLD - Tell Me U lxv me ft. Trippie Red","UUID":9,"SoundId":"5227898057"},{"Name":"Juice WRLD - Titanic","UUID":10,"SoundId":"5333209375"},{"Name":"Juice WRLD - Wishing Well","UUID":11,"SoundId":"5334124503"},{"Name":"KSI - Houdinini (feat. Swarmz & Tion Wayne)","UUID":12,"SoundId":"5223679804"},{"Name":"LiL PEEP - The Pull","UUID":13,"SoundId":"5071382525"},{"Name":"Lil Peep - Benz Truck","UUID":14,"SoundId":"4946521295"},{"Name":"Lil Peep - Paid 2 Party","UUID":15,"SoundId":"5957778837"},{"Name":"Lil Peep - Speed Gang","UUID":16,"SoundId":"4808965714"},{"Name":"Lil Peep x Lil Tracy - Pain","UUID":17,"SoundId":"4968100435"},{"Name":"Lil Playah - Need You","UUID":18,"SoundId":"4773039115"},{"Name":"Lil Pump - Butterfly Doors","UUID":19,"SoundId":"2838055741"},{"Name":"Lil Uzi Vert - I Know (Neck On Froze)","UUID":20,"SoundId":"1868647949"},{"Name":"Lil Uzi Vert - I'm Sorry","UUID":21,"SoundId":"495028423"},{"Name":"Lil Uzi Vert - Moon Relate","UUID":22,"SoundId":"1868647463"},{"Name":"Lil Uzi Vert - Ruler (YSL)","UUID":23,"SoundId":"679362994"},{"Name":"Lil Uzi Vert - SO HIT","UUID":24,"SoundId":"342142349"},{"Name":"Lil Uzi Vert - Sub-Zero","UUID":25,"SoundId":"426040431"},{"Name":"M24 - A Town Matters","UUID":26,"SoundId":"5602381746"},{"Name":"Mariah Carey - All I Want For Christmas Is You","UUID":27,"SoundId":"6066714802"},{"Name":"Minecraft Parody: The Box","UUID":28,"SoundId":"4613620329"},{"Name":"Octavian & Skepta - Papi Chulo","UUID":29,"SoundId":"6094292718"},{"Name":"Pornhub Intro","UUID":30,"SoundId":"4795166759"},{"Name":"Racist Chinese Song","UUID":31,"SoundId":"203514210"},{"Name":"Shabazz PBG – Shells","UUID":32,"SoundId":"5021706790"},{"Name":"The Pogues - Fairytale Of New York","UUID":33,"SoundId":"6066748416"},{"Name":"Trippie Redd - 6 Kiss","UUID":34,"SoundId":"5116272104"},{"Name":"Trippie Redd - Love Scars 3","UUID":35,"SoundId":"2696266061"},{"Name":"UK Drill 2","UUID":36,"SoundId":"4780464052"},{"Name":"UK Drill 3","UUID":37,"SoundId":"4797790743"},{"Name":"UK Drill 4","UUID":38,"SoundId":"4796579096"},{"Name":"Unknown T - Bop With Smoke","UUID":39,"SoundId":"2422372052"},{"Name":"XXXTENTACION - ATTENTION!","UUID":40,"SoundId":"4491706103"},{"Name":"XXXTENTACION - CURSE","UUID":41,"SoundId":"4603947457"},{"Name":"XXXTENTACION - Ex Bitch","UUID":42,"SoundId":"4311275450"},{"Name":"XXXTENTACION - I spoke to the devil in miami, he said everything would be fine.","UUID":43,"SoundId":"1294908660"},{"Name":"XXXTENTACION - Jocelyn Flores (Edit)","UUID":44,"SoundId":"1349382638"},{"Name":"XXXTENTACION - Kill My Vibe","UUID":45,"SoundId":"4536352612"},{"Name":"XXXTENTACION - Look At Me!","UUID":46,"SoundId":"2833524128"},{"Name":"XXXTENTACION - Off the Wall!","UUID":47,"SoundId":"862524906"},{"Name":"XXXTENTACION - Ok Shorty!","UUID":48,"SoundId":"3488991759"},{"Name":"XXXTENTACION - Revenge","UUID":49,"SoundId":"4850637327"},{"Name":"XXXTENTACION - UGLY","UUID":50,"SoundId":"4492061333"},{"Name":"XXXTENTACION - Vice City","UUID":51,"SoundId":"4441373141"},{"Name":"XXXTENTACION - YuNg BrAtZ","UUID":52,"SoundId":"4780760021"},{"Name":"[imadethis] $NOT - Beretta ft. Wifisfuneral","UUID":53,"SoundId":"6194037773"},{"Name":"[imadethis] 100% nigga","UUID":54,"SoundId":"6194353818"},{"Name":"[imadethis] Cardi B - WAP feat. Megan Thee Stallion","UUID":55,"SoundId":"6194113568"},{"Name":"[imadethis] Klondike Blonde - Drip","UUID":56,"SoundId":"6177854944"},{"Name":"scarlxrd - 6 FEET","UUID":57,"SoundId":"1579762880"}]