{
    "ChatKeyChar": "/",
    "ItemClipDelay": "30",
    "ItemClipSlot": "7",
    "ItemDesyncSlot": "5",
    "ItemSpeedSlot": "3",
    "KeyBuffer": "0x5a",
    "KeyBufferalt": "0x44",
    "PreviousSensValue": 0.5,
    "PreviousWallWalkSide": 0.0,
    "PreviousWallWalkValue": 0.5,
    "RobloxPixelValue": 718,
    "RobloxPixelValueChar": "718",
    "RobloxSensValue": "0.5",
    "RobloxWallWalkValueChar": "94",
    "RobloxWallWalkValueDelay": 72720,
    "RobloxWallWalkValueDelayChar": "72720",
    "SpamDelay": "20",
    "UserAcknowledgedV280": false,
    "WallhopPixels": "300",
    "antiafktoggle": true,
    "autotoggle": false,
    "camfixtoggle": false,
    "clip_delay": 30,
    "clip_slot": 7,
    "desync_slot": 5,
    "fasthhj": false,
    "isfreezeswitch": false,
    "isitemclipswitch": false,
    "isspamswitch": false,
    "isspeedswitch": false,
    "iswallwalkswitch": false,
    "macrotoggled": true,
    "maxfreezeoverride": 50,
    "maxfreezetime": 9.0,
    "real_delay": 10000,
    "scancode_shift": 42,
    "screen_height": 931,
    "screen_width": 1690,
    "section_toggles": [
        true,
        true,
        true,
        true,
        true,
        false,
        true,
        true,
        true,
        false,
        false
    ],
    "selected_dropdown": 0,
    "settingsBuffer": "RobloxPlayerBeta.exe",
    "shiftswitch": false,
    "spam_delay": 20.0,
    "speed_slot": 3,
    "speed_strengthx": 959,
    "speed_strengthy": -959,
    "speedoffsetx": 0,
    "speedoffsety": 0,
    "text": "/e dance2",
    "toggle_flick": true,
    "toggle_jump": true,
    "unequiptoggle": false,
    "vk_clipkey": 114,
    "vk_dkey": 68,
    "vk_f5": 116,
    "vk_f6": 117,
    "vk_f8": 119,
    "vk_leftbracket": 219,
    "vk_mbutton": 4,
    "vk_spamkey": 1,
    "vk_wallkey": 112,
    "vk_xbutton1": 5,
    "vk_xbutton2": 6,
    "vk_xkey": 88,
    "vk_zkey": 90,
    "wallesslhjswitch": false,
    "wallhop_dx": 300,
    "wallhop_dy": -300,
    "wallhopcamfix": false,
    "wallhopswitch": true,
    "wallwalktoggleside": false
}